日期,馬場,場次,班次,距離,賽道,場地狀況,獎金,名次,馬號,馬名,馬匹編號,騎師,練馬師,實際負磅,排位體重,檔位,頭馬距離,沿途走位,完成時間,獨贏賠率,是否第一,平均走位,全場時間,马匹参赛次数,马匹胜率,平均完成时间,平均赔率,马匹近期表现,骑师距离胜率,练马师距离胜率,骑师参赛次数,骑师胜率,练马师参赛次数,练马师胜率,累積時間1,累積時間2,累積時間3,累積時間4,分段時間1,分段時間2,分段時間3,分段時間4
23/03/2025,沙田,1,第四班,1400米,"草地 - ""A"" 賽道",好地至快地,"HK$ 1,170,000",1,5,綠野飛馳,K245,莫雅,蔡約翰,127,1095,3,-,3 5 5 1,1:21.27,1.7,1,3.5,81.27,0,0,1:34.92,48,,,,0,0,0,0,0:13.58,0:35.04,0:58.20,1:21.27,13.58,21.46,23.16,23.07
23/03/2025,沙田,1,第四班,1400米,"草地 - ""A"" 賽道",好地至快地,"HK$ 1,170,000",2,8,小皇爺,J546,周俊樂,容天鵬,121,1076,1,1-1/4,4 4 3 2,1:21.45,17,0,3.25,81.27,0,0,1:34.92,48,,,,0,0,0,0,0:13.58,0:35.04,0:58.20,1:21.27,13.58,21.46,23.16,23.07
23/03/2025,沙田,1,第四班,1400米,"草地 - ""A"" 賽道",好地至快地,"HK$ 1,170,000",3,7,火焰閃爍,K098,田泰安,大衛希斯,124,1086,8,2-3/4,11 12 12 3,1:21.71,13,0,9.5,81.27,0,0,1:34.92,48,,,,0,0,0,0,0:13.58,0:35.04,0:58.20,1:21.27,13.58,21.46,23.16,23.07
23/03/2025,沙田,1,第四班,1400米,"草地 - ""A"" 賽道",好地至快地,"HK$ 1,170,000",4,13,發光發亮,H385,董明朗,葉楚航,118,1031,2,2-3/4,1 1 1 4,1:21.73,67,0,1.75,81.27,0,0,1:34.92,48,,,,0,0,0,0,0:13.58,0:35.04,0:58.20,1:21.27,13.58,21.46,23.16,23.07
23/03/2025,沙田,1,第四班,1400米,"草地 - ""A"" 賽道",好地至快地,"HK$ 1,170,000",5,3,星運少爵,H459,莫雷拉,方嘉柏,132,1171,7,3-1/4,10 10 10 5,1:21.79,9.7,0,8.75,81.27,0,0,1:34.92,48,,,,0,0,0,0,0:13.58,0:35.04,0:58.20,1:21.27,13.58,21.46,23.16,23.07
23/03/2025,沙田,1,第四班,1400米,"草地 - ""A"" 賽道",好地至快地,"HK$ 1,170,000",6,14,志在福星,J369,黃寶妮,韋達,105,1031,10,3-1/4,2 2 2 6,1:21.79,91,0,3,81.27,0,0,1:34.92,48,,,,0,0,0,0,0:13.58,0:35.04,0:58.20,1:21.27,13.58,21.46,23.16,23.07
23/03/2025,沙田,1,第四班,1400米,"草地 - ""A"" 賽道",好地至快地,"HK$ 1,170,000",7,11,吉祥寶,J376,金誠剛,姚本輝,120,1013,11,3-3/4,13 8 6 7,1:21.88,199,0,8.5,81.27,0,0,1:34.92,48,,,,0,0,0,0,0:13.58,0:35.04,0:58.20,1:21.27,13.58,21.46,23.16,23.07
23/03/2025,沙田,1,第四班,1400米,"草地 - ""A"" 賽道",好地至快地,"HK$ 1,170,000",8,10,飈誌,J504,艾兆禮,黎昭昇,122,1198,14,4-1/4,12 11 9 8,1:21.95,80,0,10,81.27,0,0,1:34.92,48,,,,0,0,0,0,0:13.58,0:35.04,0:58.20,1:21.27,13.58,21.46,23.16,23.07
23/03/2025,沙田,1,第四班,1400米,"草地 - ""A"" 賽道",好地至快地,"HK$ 1,170,000",9,2,博愛先鋒,G465,布宜學,巫偉傑,132,1054,12,4-3/4,14 14 13 9,1:22.05,14,0,12.5,81.27,0,0,1:34.92,48,,,,0,0,0,0,0:13.58,0:35.04,0:58.20,1:21.27,13.58,21.46,23.16,23.07
23/03/2025,沙田,1,第四班,1400米,"草地 - ""A"" 賽道",好地至快地,"HK$ 1,170,000",10,4,喜尊龍,J481,班德禮,蘇偉賢,131,1100,9,6-1/4,8 13 14 10,1:22.27,4.7,0,11.25,81.27,0,0,1:34.92,48,,,,0,0,0,0,0:13.58,0:35.04,0:58.20,1:21.27,13.58,21.46,23.16,23.07
23/03/2025,沙田,1,第四班,1400米,"草地 - ""A"" 賽道",好地至快地,"HK$ 1,170,000",11,6,歡樂飛駒,J496,蘇銘倫,呂健威,125,1187,5,6-1/2,9 7 7 11,1:22.33,29,0,8.5,81.27,0,0,1:34.92,48,,,,0,0,0,0,0:13.58,0:35.04,0:58.20,1:21.27,13.58,21.46,23.16,23.07
23/03/2025,沙田,1,第四班,1400米,"草地 - ""A"" 賽道",好地至快地,"HK$ 1,170,000",12,12,步風雷,J452,潘明輝,伍鵬志,119,1028,6,8-1/4,7 9 11 12,1:22.59,81,0,9.75,81.27,0,0,1:34.92,48,,,,0,0,0,0,0:13.58,0:35.04,0:58.20,1:21.27,13.58,21.46,23.16,23.07
23/03/2025,沙田,1,第四班,1400米,"草地 - ""A"" 賽道",好地至快地,"HK$ 1,170,000",13,9,喆喆友福,J345,湯普新,鄭俊偉,122,1067,13,9-1/2,6 3 4 13,1:22.79,73,0,6.5,81.27,0,0,1:34.92,48,,,,0,0,0,0,0:13.58,0:35.04,0:58.20,1:21.27,13.58,21.46,23.16,23.07
23/03/2025,沙田,1,第四班,1400米,"草地 - ""A"" 賽道",好地至快地,"HK$ 1,170,000",14,1,都靈勇士,G150,梁家俊,文家良,135,1112,4,10,5 6 8 14,1:22.89,46,0,8.25,81.27,0,0,1:34.92,48,,,,0,0,0,0,0:13.58,0:35.04,0:58.20,1:21.27,13.58,21.46,23.16,23.07
23/03/2025,沙田,2,第二班,1400米,"草地 - ""A"" 賽道",好地至快地,"HK$ 2,840,000",1,3,包裝天將,J277,莫雷拉,呂健威,128,1105,5,-,5 5 4 1,1:19.92,2,1,3.75,79.92,0,0,1:34.92,48,,0,0,1,0,1,0,0:13.45,0:34.49,0:57.06,1:19.92,13.45,21.04,22.57,22.86
23/03/2025,沙田,2,第二班,1400米,"草地 - ""A"" 賽道",好地至快地,"HK$ 2,840,000",2,2,競駿輝煌,J195,艾道拿,蔡約翰,131,1121,8,3/4,8 8 6 2,1:20.02,6.2,0,6,79.92,0,0,1:34.92,48,,,1,0,0,1,1,0:13.45,0:34.49,0:57.06,1:19.92,13.45,21.04,22.57,22.86
23/03/2025,沙田,2,第二班,1400米,"草地 - ""A"" 賽道",好地至快地,"HK$ 2,840,000",3,5,開心寶寶,J142,莫雅,呂健威,126,1130,1,3/4,4 3 3 3,1:20.06,5.1,0,3.25,79.92,0,0,1:34.92,48,,1,0.5,1,1,2,0.5,0:13.45,0:34.49,0:57.06,1:19.92,13.45,21.04,22.57,22.86
23/03/2025,沙田,2,第二班,1400米,"草地 - ""A"" 賽道",好地至快地,"HK$ 2,840,000",4,6,舞林密碼,G365,黃智弘,方嘉柏,116,1047,6,2-1/2,1 1 1 4,1:20.33,12,0,1.75,79.92,0,0,1:34.92,48,,,0,0,0,1,0,0:13.45,0:34.49,0:57.06,1:19.92,13.45,21.04,22.57,22.86
23/03/2025,沙田,2,第二班,1400米,"草地 - ""A"" 賽道",好地至快地,"HK$ 2,840,000",5,4,潮州精神,H175,梁家俊,文家良,126,1201,4,3-1/2,2 2 2 5,1:20.48,7.6,0,2.75,79.92,0,0,1:34.92,48,,0,0,1,0,1,0,0:13.45,0:34.49,0:57.06,1:19.92,13.45,21.04,22.57,22.86
23/03/2025,沙田,2,第二班,1400米,"草地 - ""A"" 賽道",好地至快地,"HK$ 2,840,000",6,7,飛雪神駒,K251,潘明輝,廖康銘,117,1147,3,6-1/4,7 7 7 6,1:20.91,29,0,6.75,79.92,0,0,1:34.92,48,,0,,1,0,0,0,0:13.45,0:34.49,0:57.06,1:19.92,13.45,21.04,22.57,22.86
23/03/2025,沙田,2,第二班,1400米,"草地 - ""A"" 賽道",好地至快地,"HK$ 2,840,000",7,8,亞機拉,H113,巴度,告東尼,116,1059,2,6-3/4,3 4 5 7,1:20.99,26,0,4.75,79.92,0,0,1:34.92,48,,,,0,0,0,0,0:13.45,0:34.49,0:57.06,1:19.92,13.45,21.04,22.57,22.86
23/03/2025,沙田,2,第二班,1400米,"草地 - ""A"" 賽道",好地至快地,"HK$ 2,840,000",8,1,健康愉快,D435,黃寶妮,羅富全,125,1189,7,16-1/2,6 6 8 8,1:22.57,12,0,7,79.92,0,0,1:34.92,48,,0,,1,0,0,0,0:13.45,0:34.49,0:57.06,1:19.92,13.45,21.04,22.57,22.86
23/03/2025,沙田,3,第四班,1400米,"草地 - ""A"" 賽道",好地至快地,"HK$ 1,170,000",1,7,深心星,K041,賀銘年,方嘉柏,128,1247,10,-,2 2 2 1,1:21.43,7.3,1,1.75,81.43,0,0,1:34.92,48,,,0,0,0,2,0,0:13.39,0:34.78,0:57.91,1:21.43,13.39,21.39,23.13,23.52
23/03/2025,沙田,3,第四班,1400米,"草地 - ""A"" 賽道",好地至快地,"HK$ 1,170,000",2,3,哈羅威,J280,周俊樂,呂健威,130,1109,9,頸位,4 7 7 2,1:21.48,7.5,0,5,81.43,0,0,1:34.92,48,,0,0.333333333,1,0,3,0.333333333,0:13.39,0:34.78,0:57.91,1:21.43,13.39,21.39,23.13,23.52
23/03/2025,沙田,3,第四班,1400米,"草地 - ""A"" 賽道",好地至快地,"HK$ 1,170,000",3,2,泰泰精神,K007,莫雅,蔡約翰,134,1028,7,1-1/2,14 14 14 3,1:21.67,3.8,0,11.25,81.43,0,0,1:34.92,48,,0.5,0.5,2,0.5,2,0.5,0:13.39,0:34.78,0:57.91,1:21.43,13.39,21.39,23.13,23.52
23/03/2025,沙田,3,第四班,1400米,"草地 - ""A"" 賽道",好地至快地,"HK$ 1,170,000",4,6,風繼續吹,E471,梁家俊,鄭俊偉,129,1186,3,1-3/4,11 10 9 4,1:21.70,21,0,8.5,81.43,0,0,1:34.92,48,,0,0,2,0,1,0,0:13.39,0:34.78,0:57.91,1:21.43,13.39,21.39,23.13,23.52
23/03/2025,沙田,3,第四班,1400米,"草地 - ""A"" 賽道",好地至快地,"HK$ 1,170,000",5 平頭馬,1,暴風之子,K176,奧爾民,徐雨石,135,1117,13,1-3/4,10 11 11 5,1:21.73,33,0,9.25,81.43,0,0,1:34.92,48,,,,0,0,0,0,0:13.39,0:34.78,0:57.91,1:21.43,13.39,21.39,23.13,23.52
23/03/2025,沙田,3,第四班,1400米,"草地 - ""A"" 賽道",好地至快地,"HK$ 1,170,000",5 平頭馬,4,你知我得,H278,田泰安,姚本輝,132,1164,11,1-3/4,9 9 10 5,1:21.73,29,0,8.25,81.43,0,0,1:34.92,48,,0,0,1,0,1,0,0:13.39,0:34.78,0:57.91,1:21.43,13.39,21.39,23.13,23.52
23/03/2025,沙田,3,第四班,1400米,"草地 - ""A"" 賽道",好地至快地,"HK$ 1,170,000",7,12,一生好彩,K114,霍宏聲,廖康銘,124,1186,6,2-1/2,6 4 3 7,1:21.84,5.1,0,5,81.43,0,0,1:34.92,48,,,0,0,0,1,0,0:13.39,0:34.78,0:57.91,1:21.43,13.39,21.39,23.13,23.52
23/03/2025,沙田,3,第四班,1400米,"草地 - ""A"" 賽道",好地至快地,"HK$ 1,170,000",8,5,精益大師,H134,黃寶妮,葉楚航,119,1105,2,3-1/2,1 1 1 8,1:22.01,23,0,2.75,81.43,0,0,1:34.92,48,,0,0,2,0,1,0,0:13.39,0:34.78,0:57.91,1:21.43,13.39,21.39,23.13,23.52
23/03/2025,沙田,3,第四班,1400米,"草地 - ""A"" 賽道",好地至快地,"HK$ 1,170,000",9,14,竣誠駒,H486,湯普新,告東尼,118,1176,5,4-3/4,3 3 4 9,1:22.20,12,0,4.75,81.43,0,0,1:34.92,48,,0,0,1,0,1,0,0:13.39,0:34.78,0:57.91,1:21.43,13.39,21.39,23.13,23.52
23/03/2025,沙田,3,第四班,1400米,"草地 - ""A"" 賽道",好地至快地,"HK$ 1,170,000",10,8,威力非凡,K152,潘明輝,賀賢,127,1061,14,5-1/2,13 12 12 10,1:22.30,66,0,11.75,81.43,0,0,1:34.92,48,,0,,2,0,0,0,0:13.39,0:34.78,0:57.91,1:21.43,13.39,21.39,23.13,23.52
23/03/2025,沙田,3,第四班,1400米,"草地 - ""A"" 賽道",好地至快地,"HK$ 1,170,000",11,13,綫路神驊,G078,艾兆禮,文家良,119,1020,8,6-3/4,5 5 5 11,1:22.50,29,0,6.5,81.43,0,0,1:34.92,48,,0,0,1,0,2,0,0:13.39,0:34.78,0:57.91,1:21.43,13.39,21.39,23.13,23.52
23/03/2025,沙田,3,第四班,1400米,"草地 - ""A"" 賽道",好地至快地,"HK$ 1,170,000",12,11,鼓浪高升,J479,莫雷拉,伍鵬志,124,1118,1,7-3/4,8 6 6 12,1:22.67,8.8,0,8,81.43,0,0,1:34.92,48,,0.5,0,2,0.5,1,0,0:13.39,0:34.78,0:57.91,1:21.43,13.39,21.39,23.13,23.52
23/03/2025,沙田,3,第四班,1400米,"草地 - ""A"" 賽道",好地至快地,"HK$ 1,170,000",13,10,逍遙人生,J427,班德禮,沈集成,124,1268,12,8-1/2,12 13 13 13,1:22.79,41,0,12.75,81.43,0,0,1:34.92,48,,0,,1,0,0,0,0:13.39,0:34.78,0:57.91,1:21.43,13.39,21.39,23.13,23.52
23/03/2025,沙田,3,第四班,1400米,"草地 - ""A"" 賽道",好地至快地,"HK$ 1,170,000",14,9,雙贏,H382,蔡明紹,容天鵬,124,1115,4,9-1/4,7 8 8 14,1:22.93,15,0,9.25,81.43,0,0,1:34.92,48,,,0,0,0,1,0,0:13.39,0:34.78,0:57.91,1:21.43,13.39,21.39,23.13,23.52
23/03/2025,沙田,4,第四班,1200米,"草地 - ""A"" 賽道",好地至快地,"HK$ 1,170,000",1,13,幸運星球,H235,蔡明紹,巫偉傑,121,1084,9,-,1 1 1,1:08.63,29,1,1,68.63,0,0,1:34.92,48,,,,1,0,1,0,0:24.10,0:46.13,1:08.63,,24.1,22.03,10.94,0
23/03/2025,沙田,4,第四班,1200米,"草地 - ""A"" 賽道",好地至快地,"HK$ 1,170,000",2,1,快樂高球,J222,布文,羅富全,135,1171,6,1-3/4,3 4 2,1:08.91,4.5,0,3,68.63,0,0,1:34.92,48,,,,0,0,1,0,0:24.10,0:46.13,1:08.63,,24.1,22.03,10.94,0
23/03/2025,沙田,4,第四班,1200米,"草地 - ""A"" 賽道",好地至快地,"HK$ 1,170,000",3,3,拍馬難追,E234,莫雷拉,蘇偉賢,134,1141,3,2,4 3 3,1:08.94,9.3,0,3.333333333,68.63,0,0,1:34.92,48,,,,3,0.333333333,1,0,0:24.10,0:46.13,1:08.63,,24.1,22.03,10.94,0
23/03/2025,沙田,4,第四班,1200米,"草地 - ""A"" 賽道",好地至快地,"HK$ 1,170,000",4,4,魅影戈飛,K183,周俊樂,姚本輝,127,1119,11,2-1/2,9 10 4,1:09.01,2.8,0,7.666666667,68.63,0,0,1:34.92,48,,,,2,0,2,0,0:24.10,0:46.13,1:08.63,,24.1,22.03,10.94,0
23/03/2025,沙田,4,第四班,1200米,"草地 - ""A"" 賽道",好地至快地,"HK$ 1,170,000",5,14,金創福威,K002,潘明輝,黎昭昇,118,1281,5,2-3/4,5 5 5,1:09.08,14,0,5,68.63,0,0,1:34.92,48,,,,3,0,1,0,0:24.10,0:46.13,1:08.63,,24.1,22.03,10.94,0
23/03/2025,沙田,4,第四班,1200米,"草地 - ""A"" 賽道",好地至快地,"HK$ 1,170,000",6,9,風采人生,J366,奧爾民,容天鵬,125,1161,13,3,12 13 6,1:09.09,87,0,10.33333333,68.63,0,0,1:34.92,48,,,,1,0,2,0,0:24.10,0:46.13,1:08.63,,24.1,22.03,10.94,0
23/03/2025,沙田,4,第四班,1200米,"草地 - ""A"" 賽道",好地至快地,"HK$ 1,170,000",7,5,飛躍成就,K112,艾道拿,賀賢,128,1066,1,3,7 6 7,1:09.12,11,0,6.666666667,68.63,0,0,1:34.92,48,,,,1,0,1,0,0:24.10,0:46.13,1:08.63,,24.1,22.03,10.94,0
23/03/2025,沙田,4,第四班,1200米,"草地 - ""A"" 賽道",好地至快地,"HK$ 1,170,000",8,7,首駿,K189,金誠剛,游達榮,127,1181,8,3-3/4,10 9 8,1:09.24,125,0,9,68.63,0,0,1:34.92,48,,,,1,0,0,0,0:24.10,0:46.13,1:08.63,,24.1,22.03,10.94,0
23/03/2025,沙田,4,第四班,1200米,"草地 - ""A"" 賽道",好地至快地,"HK$ 1,170,000",9,10,勁騷,K047,田泰安,徐雨石,125,1131,4,4-1/4,6 7 9,1:09.32,59,0,7.333333333,68.63,0,0,1:34.92,48,,,,2,0,1,0,0:24.10,0:46.13,1:08.63,,24.1,22.03,10.94,0
23/03/2025,沙田,4,第四班,1200米,"草地 - ""A"" 賽道",好地至快地,"HK$ 1,170,000",10,8,巧眼光,J542,莫雅,蔡約翰,127,1305,14,4-1/2,14 14 10,1:09.33,14,0,12.66666667,68.63,0,0,1:34.92,48,,,,3,0.333333333,3,0.333333333,0:24.10,0:46.13,1:08.63,,24.1,22.03,10.94,0
23/03/2025,沙田,4,第四班,1200米,"草地 - ""A"" 賽道",好地至快地,"HK$ 1,170,000",11,12,添喜運,J218,艾兆禮,伍鵬志,122,1232,7,4-3/4,2 2 11,1:09.39,19,0,5,68.63,0,0,1:34.92,48,,,,2,0,2,0,0:24.10,0:46.13,1:08.63,,24.1,22.03,10.94,0
23/03/2025,沙田,4,第四班,1200米,"草地 - ""A"" 賽道",好地至快地,"HK$ 1,170,000",12,11,奔妙星,H401,韋紀力,大衛希斯,124,1243,12,5-1/2,13 12 12,1:09.50,7.3,0,12.33333333,68.63,0,0,1:34.92,48,,,,0,0,1,0,0:24.10,0:46.13,1:08.63,,24.1,22.03,10.94,0
23/03/2025,沙田,4,第四班,1200米,"草地 - ""A"" 賽道",好地至快地,"HK$ 1,170,000",13,2,怡昌精神,H379,蘇銘倫,沈集成,135,1228,2,6-1/4,8 8 13,1:09.64,25,0,9.666666667,68.63,0,0,1:34.92,48,,,,1,0,1,0,0:24.10,0:46.13,1:08.63,,24.1,22.03,10.94,0
23/03/2025,沙田,4,第四班,1200米,"草地 - ""A"" 賽道",好地至快地,"HK$ 1,170,000",14,6,快樂寶寶,J545,希威森,廖康銘,127,1038,10,6-1/2,11 11 14,1:09.66,175,0,12,68.63,0,0,1:34.92,48,,,,0,0,2,0,0:24.10,0:46.13,1:08.63,,24.1,22.03,10.94,0
23/03/2025,沙田,5,第三班,1400米,"草地 - ""A"" 賽道",好地至快地,"HK$ 1,860,000",1,9,安泰,H161,韋紀力,蔡約翰,122,1050,1,-,6 5 3 1,1:21.19,5.9,1,3.75,81.19,0,0,1:34.92,48,,,0.333333333,1,0,4,0.25,0:13.48,0:35.06,0:58.35,1:21.19,13.48,21.58,23.29,22.84
23/03/2025,沙田,5,第三班,1400米,"草地 - ""A"" 賽道",好地至快地,"HK$ 1,860,000",2,4,穿甲戰鷹,J039,希威森,廖康銘,127,1132,8,短馬頭位,13 12 9 2,1:21.20,4.7,0,9,81.19,0,0,1:34.92,48,,,0,1,0,3,0,0:13.48,0:35.06,0:58.35,1:21.19,13.48,21.58,23.29,22.84
23/03/2025,沙田,5,第三班,1400米,"草地 - ""A"" 賽道",好地至快地,"HK$ 1,860,000",3,13,美麗邂逅,E459,鍾易禮,告東尼,117,1156,7,1/2,1 1 1 3,1:21.28,6.1,0,1.5,81.19,0,0,1:34.92,48,,,0,0,0,2,0,0:13.48,0:35.06,0:58.35,1:21.19,13.48,21.58,23.29,22.84
23/03/2025,沙田,5,第三班,1400米,"草地 - ""A"" 賽道",好地至快地,"HK$ 1,860,000",4,1,久久為尊,J053,艾道拿,大衛希斯,133,1219,10,3/4,12 13 11 4,1:21.34,25,0,10,81.19,0,0,1:34.92,48,,0,0,2,0,2,0,0:13.48,0:35.06,0:58.35,1:21.19,13.48,21.58,23.29,22.84
23/03/2025,沙田,5,第三班,1400米,"草地 - ""A"" 賽道",好地至快地,"HK$ 1,860,000",5,11,三軍勇將,J360,金誠剛,方嘉柏,121,1039,6,1-1/4,8 9 8 5,1:21.38,85,0,7.5,81.19,0,0,1:34.92,48,,0,0.333333333,2,0,3,0.333333333,0:13.48,0:35.06,0:58.35,1:21.19,13.48,21.58,23.29,22.84
23/03/2025,沙田,5,第三班,1400米,"草地 - ""A"" 賽道",好地至快地,"HK$ 1,860,000",6,6,大眾福星,K172,莫雷拉,羅富全,124,1135,9,1-3/4,3 4 5 6,1:21.46,5.2,0,4.5,81.19,0,0,1:34.92,48,,0.333333333,0,4,0.25,2,0,0:13.48,0:35.06,0:58.35,1:21.19,13.48,21.58,23.29,22.84
23/03/2025,沙田,5,第三班,1400米,"草地 - ""A"" 賽道",好地至快地,"HK$ 1,860,000",7,10,爆出美麗,K155,艾兆禮,伍鵬志,121,1120,3,3-1/4,11 8 7 7,1:21.71,7.5,0,8.25,81.19,0,0,1:34.92,48,,0,0,3,0,3,0,0:13.48,0:35.06,0:58.35,1:21.19,13.48,21.58,23.29,22.84
23/03/2025,沙田,5,第三班,1400米,"草地 - ""A"" 賽道",好地至快地,"HK$ 1,860,000",8,3,宜春火力,G237,布文,韋達,129,1125,4,4,4 6 6 8,1:21.83,5.1,0,6,81.19,0,0,1:34.92,48,,,0,1,0,1,0,0:13.48,0:35.06,0:58.35,1:21.19,13.48,21.58,23.29,22.84
23/03/2025,沙田,5,第三班,1400米,"草地 - ""A"" 賽道",好地至快地,"HK$ 1,860,000",9,7,實力派,E447,巴度,賀賢,124,1048,13,4-3/4,2 2 2 9,1:21.96,20,0,3.75,81.19,0,0,1:34.92,48,,0,0,1,0,2,0,0:13.48,0:35.06,0:58.35,1:21.19,13.48,21.58,23.29,22.84
23/03/2025,沙田,5,第三班,1400米,"草地 - ""A"" 賽道",好地至快地,"HK$ 1,860,000",10,2,幸運派彩,K313,奧爾民,徐雨石,131,1108,11,9-1/2,7 3 4 10,1:22.70,31,0,6,81.19,0,0,1:34.92,48,,0,0,2,0,2,0,0:13.48,0:35.06,0:58.35,1:21.19,13.48,21.58,23.29,22.84
23/03/2025,沙田,5,第三班,1400米,"草地 - ""A"" 賽道",好地至快地,"HK$ 1,860,000",11,5,佳登,K162,麥當能,游達榮,125,1033,5,10,10 10 12 11,1:22.81,155,0,10.75,81.19,0,0,1:34.92,48,,,,0,0,1,0,0:13.48,0:35.06,0:58.35,1:21.19,13.48,21.58,23.29,22.84
23/03/2025,沙田,5,第三班,1400米,"草地 - ""A"" 賽道",好地至快地,"HK$ 1,860,000",12,12,綠族晴朗,K036,蔡明紹,蘇偉賢,121,1027,2,13-1/4,5 7 10 12,1:23.30,170,0,8.5,81.19,0,0,1:34.92,48,,0,0,2,0.5,2,0,0:13.48,0:35.06,0:58.35,1:21.19,13.48,21.58,23.29,22.84
23/03/2025,沙田,5,第三班,1400米,"草地 - ""A"" 賽道",好地至快地,"HK$ 1,860,000",13,8,常多笑,J538,湯普新,鄭俊偉,123,1033,12,13-1/2,9 11 13 13,1:23.33,244,0,11.5,81.19,0,0,1:34.92,48,,0,0,2,0,2,0,0:13.48,0:35.06,0:58.35,1:21.19,13.48,21.58,23.29,22.84
23/03/2025,沙田,6,第四班,1600米,"草地 - ""A"" 賽道",好地至快地,"HK$ 1,170,000",1,4,八仟財陞,J442,莫雷拉,羅富全,134,1050,9,-,11 11 9 1,1:34.35,8.1,1,8,94.35,0,0,1:34.92,48,,,,5,0.2,3,0,0:24.48,0:47.58,1:11.27,1:34.35,24.48,23.1,23.69,23.08
23/03/2025,沙田,6,第四班,1600米,"草地 - ""A"" 賽道",好地至快地,"HK$ 1,170,000",2,7,滿心星,K054,布文,方嘉柏,132,1097,12,1/2,7 6 4 2,1:34.42,10,0,4.75,94.35,0,0,1:34.92,48,,,,2,0,4,0.25,0:24.48,0:47.58,1:11.27,1:34.35,24.48,23.1,23.69,23.08
23/03/2025,沙田,6,第四班,1600米,"草地 - ""A"" 賽道",好地至快地,"HK$ 1,170,000",3 平頭馬,3,時時稱心,H090,鍾易禮,告東尼,131,1142,6,3/4,12 12 10 3,1:34.49,13,0,9.25,94.35,0,0,1:34.92,48,,,,1,0,3,0,0:24.48,0:47.58,1:11.27,1:34.35,24.48,23.1,23.69,23.08
23/03/2025,沙田,6,第四班,1600米,"草地 - ""A"" 賽道",好地至快地,"HK$ 1,170,000",3 平頭馬,13,精算特殊,H354,梁家俊,容天鵬,121,1081,5,3/4,9 9 7 3,1:34.49,18,0,7,94.35,0,0,1:34.92,48,,,,3,0,3,0,0:24.48,0:47.58,1:11.27,1:34.35,24.48,23.1,23.69,23.08
23/03/2025,沙田,6,第四班,1600米,"草地 - ""A"" 賽道",好地至快地,"HK$ 1,170,000",5,2,九因歌,J230,湯普新,廖康銘,135,984,14,2-3/4,14 14 13 5,1:34.80,75,0,11.5,94.35,0,0,1:34.92,48,,,,3,0,4,0,0:24.48,0:47.58,1:11.27,1:34.35,24.48,23.1,23.69,23.08
23/03/2025,沙田,6,第四班,1600米,"草地 - ""A"" 賽道",好地至快地,"HK$ 1,170,000",6,11,旋風傳奇,J152,奧爾民,伍鵬志,127,1124,10,3-1/2,10 10 12 6,1:34.92,48,0,9.5,94.35,0,0,1:34.92,48,,,,3,0,4,0,0:24.48,0:47.58,1:11.27,1:34.35,24.48,23.1,23.69,23.08
23/03/2025,沙田,6,第四班,1600米,"草地 - ""A"" 賽道",好地至快地,"HK$ 1,170,000",7,8,幸運芙蓉,J047,艾兆禮,姚本輝,131,1122,2,4-1/2,6 7 8 7,1:35.07,5.5,0,7,94.35,0,0,1:34.92,48,,,,4,0,3,0,0:24.48,0:47.58,1:11.27,1:34.35,24.48,23.1,23.69,23.08
23/03/2025,沙田,6,第四班,1600米,"草地 - ""A"" 賽道",好地至快地,"HK$ 1,170,000",8,6,東方飛影,E467,韋紀力,大衛希斯,132,1247,4,4-1/2,1 2 1 8,1:35.08,8.9,0,3,94.35,0,0,1:34.92,48,,,,2,0.5,3,0,0:24.48,0:47.58,1:11.27,1:34.35,24.48,23.1,23.69,23.08
23/03/2025,沙田,6,第四班,1600米,"草地 - ""A"" 賽道",好地至快地,"HK$ 1,170,000",9,14,凱旋幸運,H409,潘明輝,賀賢,116,1046,11,6-1/2,5 3 2 9,1:35.38,16,0,4.75,94.35,0,0,1:34.92,48,,,,4,0,3,0,0:24.48,0:47.58,1:11.27,1:34.35,24.48,23.1,23.69,23.08
23/03/2025,沙田,6,第四班,1600米,"草地 - ""A"" 賽道",好地至快地,"HK$ 1,170,000",10,5,同得威,J019,周俊樂,丁冠豪,131,1100,1,7-1/4,4 5 3 10,1:35.49,45,0,5.5,94.35,0,0,1:34.92,48,,,,3,0,0,0,0:24.48,0:47.58,1:11.27,1:34.35,24.48,23.1,23.69,23.08
23/03/2025,沙田,6,第四班,1600米,"草地 - ""A"" 賽道",好地至快地,"HK$ 1,170,000",11,10,英駿飛駒,H376,艾道拿,游達榮,128,1201,7,8,2 4 6 11,1:35.64,2.6,0,5.75,94.35,0,0,1:34.92,48,,,,3,0,2,0,0:24.48,0:47.58,1:11.27,1:34.35,24.48,23.1,23.69,23.08
23/03/2025,沙田,6,第四班,1600米,"草地 - ""A"" 賽道",好地至快地,"HK$ 1,170,000",12,1,天天得樂,E294,蘇銘倫,葉楚航,135,1067,3,11-3/4,8 8 11 12,1:36.24,18,0,9.75,94.35,0,0,1:34.92,48,,,,2,0,2,0,0:24.48,0:47.58,1:11.27,1:34.35,24.48,23.1,23.69,23.08
23/03/2025,沙田,6,第四班,1600米,"草地 - ""A"" 賽道",好地至快地,"HK$ 1,170,000",13,12,佳福駒,G230,蔡明紹,文家良,121,1231,13,13-1/2,13 13 14 13,1:36.52,99,0,13.25,94.35,0,0,1:34.92,48,,,,3,0.333333333,3,0,0:24.48,0:47.58,1:11.27,1:34.35,24.48,23.1,23.69,23.08
23/03/2025,沙田,6,第四班,1600米,"草地 - ""A"" 賽道",好地至快地,"HK$ 1,170,000",14,9,大將鵰神,J378,麥當能,韋達,128,1258,8,23,3 1 5 14,1:38.02,128,0,5.75,94.35,0,0,1:34.92,48,,,,1,0,2,0,0:24.48,0:47.58,1:11.27,1:34.35,24.48,23.1,23.69,23.08
23/03/2025,沙田,7,四歲,2000米,"草地 - ""A"" 賽道",好地至快地,"HK$ 26,000,000",1,9,百賀飛駒,K021,韋紀力,呂健威,126,1071,2,-,4 4 4 4 1,2:00.67,26,1,3.4,120.67,0,0,1:34.92,48,,,,3,0.333333333,4,0.25,0:25.36,0:50.12,1:15.23,1:38.29,25.36,24.76,25.11,45.44
23/03/2025,沙田,7,四歲,2000米,"草地 - ""A"" 賽道",好地至快地,"HK$ 26,000,000",2,2,祝願,J256,霍宏聲,廖康銘,126,989,14,短馬頭位,14 14 14 14 2,2:00.68,6.1,0,11.6,120.67,0,0,1:34.92,48,,,,1,0,5,0,0:25.36,0:50.12,1:15.23,1:38.29,25.36,24.76,25.11,45.44
23/03/2025,沙田,7,四歲,2000米,"草地 - ""A"" 賽道",好地至快地,"HK$ 26,000,000",3,6,包裝福星,J454,莫雷拉,呂健威,126,1102,6,頸位,8 8 8 7 3,2:00.72,6.6,0,6.8,120.67,0,0,1:34.92,48,,,1,6,0.333333333,5,0.4,0:25.36,0:50.12,1:15.23,1:38.29,25.36,24.76,25.11,45.44
23/03/2025,沙田,7,四歲,2000米,"草地 - ""A"" 賽道",好地至快地,"HK$ 26,000,000",4,13,平凡騎士,K161,布文,方嘉柏,126,1042,1,1-1/2,1 1 1 1 4,2:00.90,19,0,1.6,120.67,0,0,1:34.92,48,,,,3,0,5,0.2,0:25.36,0:50.12,1:15.23,1:38.29,25.36,24.76,25.11,45.44
23/03/2025,沙田,7,四歲,2000米,"草地 - ""A"" 賽道",好地至快地,"HK$ 26,000,000",5,1,球星,H412,艾道拿,大衛希斯,126,1111,4,1-3/4,6 6 7 6 5,2:00.95,2.9,0,6,120.67,0,0,1:34.92,48,,,,4,0,4,0,0:25.36,0:50.12,1:15.23,1:38.29,25.36,24.76,25.11,45.44
23/03/2025,沙田,7,四歲,2000米,"草地 - ""A"" 賽道",好地至快地,"HK$ 26,000,000",6,3,玩笑,K014,艾兆禮,伍鵬志,126,1172,8,2,9 9 9 9 6,2:01.01,11,0,8.4,120.67,0,0,1:34.92,48,,,,5,0,5,0,0:25.36,0:50.12,1:15.23,1:38.29,25.36,24.76,25.11,45.44
23/03/2025,沙田,7,四歲,2000米,"草地 - ""A"" 賽道",好地至快地,"HK$ 26,000,000",7,5,有目共賞,K020,湯普新,蔡約翰,126,1084,9,2,10 11 10 11 7,2:01.01,11,0,9.8,120.67,0,0,1:34.92,48,,,,4,0,5,0.4,0:25.36,0:50.12,1:15.23,1:38.29,25.36,24.76,25.11,45.44
23/03/2025,沙田,7,四歲,2000米,"草地 - ""A"" 賽道",好地至快地,"HK$ 26,000,000",8,7,米奇,K082,莫雅,蔡約翰,126,1193,3,2-1/4,7 7 6 8 8,2:01.05,23,0,7.2,120.67,0,0,1:34.92,48,,,0,4,0.25,6,0.333333333,0:25.36,0:50.12,1:15.23,1:38.29,25.36,24.76,25.11,45.44
23/03/2025,沙田,7,四歲,2000米,"草地 - ""A"" 賽道",好地至快地,"HK$ 26,000,000",9,10,遙遙領先,J263,希威森,呂健威,126,1074,13,2-1/2,13 13 13 12 9,2:01.09,82,0,12,120.67,0,0,1:34.92,48,,,0.5,2,0,6,0.333333333,0:25.36,0:50.12,1:15.23,1:38.29,25.36,24.76,25.11,45.44
23/03/2025,沙田,7,四歲,2000米,"草地 - ""A"" 賽道",好地至快地,"HK$ 26,000,000",10,4,桃花開,J301,田泰安,告東尼,126,1062,12,3-1/2,12 12 12 13 10,2:01.22,24,0,11.8,120.67,0,0,1:34.92,48,,,,3,0,4,0,0:25.36,0:50.12,1:15.23,1:38.29,25.36,24.76,25.11,45.44
23/03/2025,沙田,7,四歲,2000米,"草地 - ""A"" 賽道",好地至快地,"HK$ 26,000,000",11,11,加州動員,H418,奧爾民,告東尼,126,1063,11,3-3/4,2 2 2 2 11,2:01.28,29,0,3.8,120.67,0,0,1:34.92,48,,,0,4,0,5,0,0:25.36,0:50.12,1:15.23,1:38.29,25.36,24.76,25.11,45.44
23/03/2025,沙田,7,四歲,2000米,"草地 - ""A"" 賽道",好地至快地,"HK$ 26,000,000",12,14,一起美麗,J260,巴度,蔡約翰,126,1181,5,5,3 3 3 3 12,2:01.46,25,0,4.8,120.67,0,0,1:34.92,48,,,0,2,0,7,0.285714286,0:25.36,0:50.12,1:15.23,1:38.29,25.36,24.76,25.11,45.44
23/03/2025,沙田,7,四歲,2000米,"草地 - ""A"" 賽道",好地至快地,"HK$ 26,000,000",13,12,但求開心,J420,布宜學,巫偉傑,126,1195,10,7,11 10 11 10 13,2:01.81,23,0,11,120.67,0,0,1:34.92,48,,,,1,0,2,0.5,0:25.36,0:50.12,1:15.23,1:38.29,25.36,24.76,25.11,45.44
23/03/2025,沙田,7,四歲,2000米,"草地 - ""A"" 賽道",好地至快地,"HK$ 26,000,000",14,8,優才,J536,蘇銘倫,葉楚航,126,1054,7,7-1/2,5 5 5 5 14,2:01.86,12,0,6.8,120.67,0,0,1:34.92,48,,,,3,0,3,0,0:25.36,0:50.12,1:15.23,1:38.29,25.36,24.76,25.11,45.44
23/03/2025,沙田,8,第三班,1200米,"草地 - ""A"" 賽道",好地至快地,"HK$ 1,860,000",1,1,愛馬善,H155,梁家俊,鄭俊偉,135,1135,10,-,1 1 1,1:08.25,26,1,1,68.25,0,0,1:34.92,48,,,,4,0,3,0,0:23.71,0:45.73,1:08.25,,23.71,22.02,10.83,0
23/03/2025,沙田,8,第三班,1200米,"草地 - ""A"" 賽道",好地至快地,"HK$ 1,860,000",2,4,巴基之勝,J363,莫雷拉,蘇偉賢,124,1194,4,1/2,4 3 2,1:08.33,5.1,0,3,68.25,0,0,1:34.92,48,,0,0,7,0.285714286,3,0,0:23.71,0:45.73,1:08.25,,23.71,22.02,10.83,0
23/03/2025,沙田,8,第三班,1200米,"草地 - ""A"" 賽道",好地至快地,"HK$ 1,860,000",3,3,真心傳奇,J325,莫雅,蔡約翰,127,972,11,1-1/4,12 11 3,1:08.43,2.3,0,8.666666667,68.25,0,0,1:34.92,48,,0,0,5,0.2,8,0.25,0:23.71,0:45.73,1:08.25,,23.71,22.02,10.83,0
23/03/2025,沙田,8,第三班,1200米,"草地 - ""A"" 賽道",好地至快地,"HK$ 1,860,000",4,5,正氣青驅,H059,巴度,告東尼,123,1185,6,1-3/4,3 4 4,1:08.51,33,0,3.666666667,68.25,0,0,1:34.92,48,,,,3,0,6,0,0:23.71,0:45.73,1:08.25,,23.71,22.02,10.83,0
23/03/2025,沙田,8,第三班,1200米,"草地 - ""A"" 賽道",好地至快地,"HK$ 1,860,000",5,11,極速贏,J040,湯普新,容天鵬,117,1218,1,1-3/4,8 7 5,1:08.54,4.3,0,6.666666667,68.25,0,0,1:34.92,48,,,0,5,0,4,0,0:23.71,0:45.73,1:08.25,,23.71,22.02,10.83,0
23/03/2025,沙田,8,第三班,1200米,"草地 - ""A"" 賽道",好地至快地,"HK$ 1,860,000",6,12,超霸勝,H069,蔡明紹,韋達,116,1085,2,2,5 5 6,1:08.57,12,0,5.333333333,68.25,0,0,1:34.92,48,,1,,4,0.25,3,0,0:23.71,0:45.73,1:08.25,,23.71,22.02,10.83,0
23/03/2025,沙田,8,第三班,1200米,"草地 - ""A"" 賽道",好地至快地,"HK$ 1,860,000",7,8,翠紅,K173,希威森,廖康銘,120,1082,7,2-1/2,2 2 7,1:08.64,9.1,0,3.666666667,68.25,0,0,1:34.92,48,,0,0,3,0,6,0,0:23.71,0:45.73,1:08.25,,23.71,22.02,10.83,0
23/03/2025,沙田,8,第三班,1200米,"草地 - ""A"" 賽道",好地至快地,"HK$ 1,860,000",8,10,奇異歡星,K255,田泰安,游達榮,119,1060,9,2-3/4,11 8 8,1:08.69,85,0,9,68.25,0,0,1:34.92,48,,0,0,4,0,3,0,0:23.71,0:45.73,1:08.25,,23.71,22.02,10.83,0
23/03/2025,沙田,8,第三班,1200米,"草地 - ""A"" 賽道",好地至快地,"HK$ 1,860,000",9,2,奇異果,K285,蘇銘倫,沈集成,130,1119,5,3-1/2,7 9 9,1:08.81,17,0,8.333333333,68.25,0,0,1:34.92,48,,0,0,4,0,2,0,0:23.71,0:45.73,1:08.25,,23.71,22.02,10.83,0
23/03/2025,沙田,8,第三班,1200米,"草地 - ""A"" 賽道",好地至快地,"HK$ 1,860,000",10,7,馬上盈,J394,班德禮,巫偉傑,121,1094,3,6-1/2,6 6 10,1:09.27,35,0,7.333333333,68.25,0,0,1:34.92,48,,,1,2,0,3,0.333333333,0:23.71,0:45.73,1:08.25,,23.71,22.02,10.83,0
23/03/2025,沙田,8,第三班,1200米,"草地 - ""A"" 賽道",好地至快地,"HK$ 1,860,000",11,6,朗日自強,J530,潘明輝,文家良,121,1251,12,7,9 12 11,1:09.35,172,0,10.66666667,68.25,0,0,1:34.92,48,,0,,5,0,4,0,0:23.71,0:45.73,1:08.25,,23.71,22.02,10.83,0
23/03/2025,沙田,8,第三班,1200米,"草地 - ""A"" 賽道",好地至快地,"HK$ 1,860,000",12,9,海洋帝君,K230,董明朗,徐雨石,120,1013,8,8-1/4,10 10 12,1:09.57,233,0,10.66666667,68.25,0,0,1:34.92,48,,,0,1,0,3,0,0:23.71,0:45.73,1:08.25,,23.71,22.02,10.83,0
23/03/2025,沙田,9,第三班,1200米,"草地 - ""A"" 賽道",好地至快地,"HK$ 1,860,000",1,1,笑傲江湖,K168,莫雅,呂健威,135,1213,4,-,7 5 1,1:08.52,5.1,1,4.333333333,68.52,0,0,1:34.92,48,,0,,6,0.166666667,7,0.285714286,0:24.05,0:46.24,1:08.52,,24.05,22.19,10.93,0
23/03/2025,沙田,9,第三班,1200米,"草地 - ""A"" 賽道",好地至快地,"HK$ 1,860,000",2,3,凱旋升,J489,巴度,羅富全,128,1152,1,1-1/4,2 2 2,1:08.72,7.5,0,2,68.52,0,0,1:34.92,48,,0,0,4,0,4,0.25,0:24.05,0:46.24,1:08.52,,24.05,22.19,10.93,0
23/03/2025,沙田,9,第三班,1200米,"草地 - ""A"" 賽道",好地至快地,"HK$ 1,860,000",3,10,英勇快車,J244,韋紀力,蔡約翰,120,1236,5,1-1/4,9 7 3,1:08.73,10,0,6.333333333,68.52,0,0,1:34.92,48,,0,0,4,0.5,9,0.222222222,0:24.05,0:46.24,1:08.52,,24.05,22.19,10.93,0
23/03/2025,沙田,9,第三班,1200米,"草地 - ""A"" 賽道",好地至快地,"HK$ 1,860,000",4,6,河好運,J320,班德禮,廖康銘,122,1140,3,1-1/2,5 4 4,1:08.76,16,0,4.333333333,68.52,0,0,1:34.92,48,,0,0,3,0,7,0,0:24.05,0:46.24,1:08.52,,24.05,22.19,10.93,0
23/03/2025,沙田,9,第三班,1200米,"草地 - ""A"" 賽道",好地至快地,"HK$ 1,860,000",5,2,非凡達,H364,蘇銘倫,沈集成,129,1130,9,3,12 11 5,1:09.02,19,0,9.333333333,68.52,0,0,1:34.92,48,,0,0,5,0,3,0,0:24.05,0:46.24,1:08.52,,24.05,22.19,10.93,0
23/03/2025,沙田,9,第三班,1200米,"草地 - ""A"" 賽道",好地至快地,"HK$ 1,860,000",6,4,時時歡欣,K141,艾道拿,賀賢,123,1274,8,5-1/4,3 3 6,1:09.38,1.6,0,4,68.52,0,0,1:34.92,48,,0,0,5,0,4,0,0:24.05,0:46.24,1:08.52,,24.05,22.19,10.93,0
23/03/2025,沙田,9,第三班,1200米,"草地 - ""A"" 賽道",好地至快地,"HK$ 1,860,000",7,13,志滿同行,K056,艾兆禮,大衛希斯,117,1160,10,5-1/2,11 10 7,1:09.39,35,0,9.333333333,68.52,0,0,1:34.92,48,,0,0,6,0,5,0,0:24.05,0:46.24,1:08.52,,24.05,22.19,10.93,0
23/03/2025,沙田,9,第三班,1200米,"草地 - ""A"" 賽道",好地至快地,"HK$ 1,860,000",8,8,三強,K229,周俊樂,容天鵬,121,1147,2,5-1/2,4 6 8,1:09.42,137,0,6,68.52,0,0,1:34.92,48,,0,0,4,0,5,0,0:24.05,0:46.24,1:08.52,,24.05,22.19,10.93,0
23/03/2025,沙田,9,第三班,1200米,"草地 - ""A"" 賽道",好地至快地,"HK$ 1,860,000",9,12,傳承效應,K035,田泰安,巫偉傑,118,1190,11,6-1/4,8 8 9,1:09.51,126,0,8.333333333,68.52,0,0,1:34.92,48,,0,0.5,5,0,4,0.25,0:24.05,0:46.24,1:08.52,,24.05,22.19,10.93,0
23/03/2025,沙田,9,第三班,1200米,"草地 - ""A"" 賽道",好地至快地,"HK$ 1,860,000",10,5,大浪園田,K209,希威森,丁冠豪,123,1081,6,7-1/4,1 1 10,1:09.69,67,0,4,68.52,0,0,1:34.92,48,,0,,4,0,1,0,0:24.05,0:46.24,1:08.52,,24.05,22.19,10.93,0
23/03/2025,沙田,9,第三班,1200米,"草地 - ""A"" 賽道",好地至快地,"HK$ 1,860,000",11,11,八里旺,J243,潘明輝,鄭俊偉,119,1265,12,10,6 9 11,1:10.13,231,0,8.666666667,68.52,0,0,1:34.92,48,,0,1,6,0,4,0.25,0:24.05,0:46.24,1:08.52,,24.05,22.19,10.93,0
23/03/2025,沙田,9,第三班,1200米,"草地 - ""A"" 賽道",好地至快地,"HK$ 1,860,000",12,7,本能,K289,董明朗,徐雨石,121,1091,7,10,10 12 12,1:10.13,198,0,11.33333333,68.52,0,0,1:34.92,48,,0,0,2,0,4,0,0:24.05,0:46.24,1:08.52,,24.05,22.19,10.93,0
23/03/2025,沙田,10,第三班,1800米,"草地 - ""A"" 賽道",好地至快地,"HK$ 2,050,000",1,11,包裝明駒,J470,艾兆禮,伍鵬志,116,1130,8,-,5 5 5 4 1,1:46.24,11,1,4,106.24,0,0,1:34.92,48,,,,7,0,6,0,0:13.51,0:35.73,0:58.97,1:22.90,13.51,22.22,23.24,47.27
23/03/2025,沙田,10,第三班,1800米,"草地 - ""A"" 賽道",好地至快地,"HK$ 2,050,000",2,6,安可,K252,艾道拿,蔡約翰,123,1080,5,1/2,11 9 8 9 2,1:46.35,3.7,0,7.8,106.24,0,0,1:34.92,48,,,,6,0,10,0.2,0:13.51,0:35.73,0:58.97,1:22.90,13.51,22.22,23.24,47.27
23/03/2025,沙田,10,第三班,1800米,"草地 - ""A"" 賽道",好地至快地,"HK$ 2,050,000",3,4,金勝名駒,H461,麥當能,蘇偉賢,125,1063,14,2-1/4,13 14 14 14 3,1:46.61,66,0,11.6,106.24,0,0,1:34.92,48,,,,2,0,4,0,0:13.51,0:35.73,0:58.97,1:22.90,13.51,22.22,23.24,47.27
23/03/2025,沙田,10,第三班,1800米,"草地 - ""A"" 賽道",好地至快地,"HK$ 2,050,000",4,7,包裝旋風,H137,田泰安,游達榮,121,985,2,4,8 8 9 8 4,1:46.88,59,0,7.4,106.24,0,0,1:34.92,48,,,,6,0,4,0,0:13.51,0:35.73,0:58.97,1:22.90,13.51,22.22,23.24,47.27
23/03/2025,沙田,10,第三班,1800米,"草地 - ""A"" 賽道",好地至快地,"HK$ 2,050,000",5,3,和平波,J245,蔡明紹,巫偉傑,126,1101,12,4-1/4,1 2 2 1 5,1:46.91,9.9,0,2.2,106.24,0,0,1:34.92,48,,,,5,0.2,5,0.2,0:13.51,0:35.73,0:58.97,1:22.90,13.51,22.22,23.24,47.27
23/03/2025,沙田,10,第三班,1800米,"草地 - ""A"" 賽道",好地至快地,"HK$ 2,050,000",6,10,天將龍駒,K129,巫顯東,呂健威,113,1168,4,5,9 11 11 12 6,1:47.02,3.2,0,9.8,106.24,0,0,1:34.92,48,,,,0,0,8,0.375,0:13.51,0:35.73,0:58.97,1:22.90,13.51,22.22,23.24,47.27
23/03/2025,沙田,10,第三班,1800米,"草地 - ""A"" 賽道",好地至快地,"HK$ 2,050,000",7,12,一定掂,J225,班德禮,姚本輝,115,1076,6,5-1/4,10 10 10 10 7,1:47.10,25,0,9.4,106.24,0,0,1:34.92,48,,,,4,0,4,0,0:13.51,0:35.73,0:58.97,1:22.90,13.51,22.22,23.24,47.27
23/03/2025,沙田,10,第三班,1800米,"草地 - ""A"" 賽道",好地至快地,"HK$ 2,050,000",8,14,綠色巨人,K095,潘明輝,廖康銘,115,1305,3,6,6 6 7 6 8,1:47.21,24,0,6.6,106.24,0,0,1:34.92,48,,,,7,0,8,0,0:13.51,0:35.73,0:58.97,1:22.90,13.51,22.22,23.24,47.27
23/03/2025,沙田,10,第三班,1800米,"草地 - ""A"" 賽道",好地至快地,"HK$ 2,050,000",9,5,健而快,J495,奧爾民,羅富全,124,1138,13,6-1/4,12 12 13 13 9,1:47.24,70,0,11.8,106.24,0,0,1:34.92,48,,,,5,0,5,0.2,0:13.51,0:35.73,0:58.97,1:22.90,13.51,22.22,23.24,47.27
23/03/2025,沙田,10,第三班,1800米,"草地 - ""A"" 賽道",好地至快地,"HK$ 2,050,000",10,1,多巴先生,G103,蘇銘倫,葉楚航,135,1160,11,7-1/4,14 13 12 11 10,1:47.40,27,0,12,106.24,0,0,1:34.92,48,,,,6,0,4,0,0:13.51,0:35.73,0:58.97,1:22.90,13.51,22.22,23.24,47.27
23/03/2025,沙田,10,第三班,1800米,"草地 - ""A"" 賽道",好地至快地,"HK$ 2,050,000",11,8,仁心星,J092,布文,方嘉柏,127,1214,7,9,4 4 4 3 11,1:47.66,5.5,0,5.2,106.24,0,0,1:34.92,48,,,,4,0,6,0.166666667,0:13.51,0:35.73,0:58.97,1:22.90,13.51,22.22,23.24,47.27
23/03/2025,沙田,10,第三班,1800米,"草地 - ""A"" 賽道",好地至快地,"HK$ 2,050,000",12,9,奔放,K156,鍾易禮,告東尼,112,1129,10,10-1/2,2 1 1 2 12,1:47.90,11,0,3.6,106.24,0,0,1:34.92,48,,,,2,0,7,0,0:13.51,0:35.73,0:58.97,1:22.90,13.51,22.22,23.24,47.27
23/03/2025,沙田,10,第三班,1800米,"草地 - ""A"" 賽道",好地至快地,"HK$ 2,050,000",13,13,志敏將星,J189,湯普新,游達榮,115,1059,1,10-1/2,7 7 6 7 13,1:47.93,183,0,8,106.24,0,0,1:34.92,48,,,0,6,0,5,0,0:13.51,0:35.73,0:58.97,1:22.90,13.51,22.22,23.24,47.27
23/03/2025,沙田,10,第三班,1800米,"草地 - ""A"" 賽道",好地至快地,"HK$ 2,050,000",14,2,驥跑得,K206,霍宏聲,大衛希斯,130,1120,9,11-1/2,3 3 3 5 14,1:48.08,86,0,5.6,106.24,0,0,1:34.92,48,,,,2,0,6,0,0:13.51,0:35.73,0:58.97,1:22.90,13.51,22.22,23.24,47.27
26/03/2025,沙田,1,第五班,1800米,,好地,"HK$ 875,000",1,4,精明選擇,J146,霍宏聲,伍鵬志,134,1114,7,-,1 1 1 1 1,1:48.32,3.1,1,1,81.27,0,0,1:34.92,48,,0,1,3,0,7,0.142857143,0:13.43,0:36.31,0:59.79,1:23.79,13.43,22.88,23.48,48.53
26/03/2025,沙田,1,第五班,1800米,,好地,"HK$ 875,000",2,12,星雲浩騰,G372,潘明輝,葉楚航,124,1147,12,2-1/4,14 14 14 14 2,1:48.69,9.7,0,11.6,81.27,0,0,1:34.92,48,,0,0,8,0,5,0,0:13.43,0:36.31,0:59.79,1:23.79,13.43,22.88,23.48,48.53
26/03/2025,沙田,1,第五班,1800米,,好地,"HK$ 875,000",3,2,大利好運,H234,艾兆禮,蔡約翰,135,1075,5,3-1/4,8 8 8 5 3,1:48.85,4.7,0,6.4,81.27,0,0,1:34.92,48,,1,0,8,0.125,11,0.181818182,0:13.43,0:36.31,0:59.79,1:23.79,13.43,22.88,23.48,48.53
26/03/2025,沙田,1,第五班,1800米,,好地,"HK$ 875,000",4,8,傳承者,J111,班德禮,徐雨石,131,1050,8,3-3/4,11 11 11 10 4,1:48.94,8.2,0,9.4,81.27,0,0,1:34.92,48,,0,,5,0,5,0,0:13.43,0:36.31,0:59.79,1:23.79,13.43,22.88,23.48,48.53
26/03/2025,沙田,1,第五班,1800米,,好地,"HK$ 875,000",5,14,喜悅一生,G072,楊明綸,鄭俊偉,115,1159,14,5-1/4,3 2 3 4 5,1:49.15,33,0,3.4,81.27,0,0,1:34.92,48,,,,0,0,5,0.2,0:13.43,0:36.31,0:59.79,1:23.79,13.43,22.88,23.48,48.53
26/03/2025,沙田,1,第五班,1800米,,好地,"HK$ 875,000",6,1,金獅勝將,J004,布文,大衛希斯,135,1024,6,5-1/4,7 9 9 8 6,1:49.18,7.3,0,7.8,81.27,0,0,1:34.92,48,,0,0,5,0,7,0,0:13.43,0:36.31,0:59.79,1:23.79,13.43,22.88,23.48,48.53
26/03/2025,沙田,1,第五班,1800米,,好地,"HK$ 875,000",7,3,裕達寶駒,J211,黃智弘,丁冠豪,127,1005,2,7-1/4,2 3 4 3 7,1:49.46,133,0,3.8,81.27,0,0,1:34.92,48,,,,1,0,2,0,0:13.43,0:36.31,0:59.79,1:23.79,13.43,22.88,23.48,48.53
26/03/2025,沙田,1,第五班,1800米,,好地,"HK$ 875,000",8,5,美麗多盈,G477,鍾易禮,告東尼,129,1105,11,7-1/2,9 7 5 6 8,1:49.54,48,0,7,81.27,0,0,1:34.92,48,,0,0,3,0,8,0,0:13.43,0:36.31,0:59.79,1:23.79,13.43,22.88,23.48,48.53
26/03/2025,沙田,1,第五班,1800米,,好地,"HK$ 875,000",9,6,黃金見聞,J165,麥當能,蘇偉賢,132,1025,1,8-1/4,10 10 10 9 9,1:49.64,137,0,9.6,81.27,0,0,1:34.92,48,,0,0,3,0,5,0,0:13.43,0:36.31,0:59.79,1:23.79,13.43,22.88,23.48,48.53
26/03/2025,沙田,1,第五班,1800米,,好地,"HK$ 875,000",10,11,極速之子,H332,湯普新,姚本輝,127,1056,9,9,6 4 2 2 10,1:49.75,33,0,4.8,81.27,0,0,1:34.92,48,,0,0,7,0,5,0,0:13.43,0:36.31,0:59.79,1:23.79,13.43,22.88,23.48,48.53
26/03/2025,沙田,1,第五班,1800米,,好地,"HK$ 875,000",11,10,齊歡最樂,J182,奧爾民,伍鵬志,128,1191,10,9,13 12 12 11 11,1:49.76,12,0,11.8,81.27,0,0,1:34.92,48,,0,1,6,0,8,0.25,0:13.43,0:36.31,0:59.79,1:23.79,13.43,22.88,23.48,48.53
26/03/2025,沙田,1,第五班,1800米,,好地,"HK$ 875,000",12,9,紅鬃烈馬,D087,周俊樂,葉楚航,127,1042,4,9-3/4,4 5 7 7 12,1:49.87,43,0,7,81.27,0,0,1:34.92,48,,,0,5,0,6,0,0:13.43,0:36.31,0:59.79,1:23.79,13.43,22.88,23.48,48.53
26/03/2025,沙田,1,第五班,1800米,,好地,"HK$ 875,000",13,13,滿載歸來,H083,梁家俊,容天鵬,123,1198,3,10,12 13 13 12 13,1:49.92,15,0,12.6,81.27,0,0,1:34.92,48,,,,5,0.2,6,0,0:13.43,0:36.31,0:59.79,1:23.79,13.43,22.88,23.48,48.53
26/03/2025,沙田,1,第五班,1800米,,好地,"HK$ 875,000",14,7,豐盛多彩,G301,田泰安,韋達,131,1121,13,26-1/4,5 6 6 13 14,1:52.50,16,0,8.8,81.27,0,0,1:34.92,48,,0,,7,0,4,0,0:13.43,0:36.31,0:59.79,1:23.79,13.43,22.88,23.48,48.53
26/03/2025,沙田,2,第五班,1200米,,好地,"HK$ 875,000",1,5,辰速密碼,J430,梁家俊,巫偉傑,133,1098,3,-,3 3 1,1:09.30,7.9,1,2.333333333,79.92,0,0,1:34.92,48,,1,0.333333333,6,0.166666667,6,0.166666667,0:24.08,0:46.68,1:09.30,,24.08,22.6,11.24,0
26/03/2025,沙田,2,第五班,1200米,,好地,"HK$ 875,000",2,9,錶之多多,H476,黃寶妮,文家良,117,1212,7,1-1/4,2 1 2,1:09.48,2.3,0,1.666666667,79.92,0,0,1:34.92,48,,,0,3,0,5,0,0:24.08,0:46.68,1:09.30,,24.08,22.6,11.24,0
26/03/2025,沙田,2,第五班,1200米,,好地,"HK$ 875,000",3,8,旋風飛颺,J086,艾兆禮,蔡約翰,127,1009,5,4,9 8 3,1:09.91,9.3,0,6.666666667,79.92,0,0,1:34.92,48,,0,0,9,0.111111111,12,0.166666667,0:24.08,0:46.68,1:09.30,,24.08,22.6,11.24,0
26/03/2025,沙田,2,第五班,1200米,,好地,"HK$ 875,000",4,3,謙謙君子,G352,蔡明紹,葉楚航,133,1033,9,5-1/2,5 4 4,1:10.17,21,0,4.333333333,79.92,0,0,1:34.92,48,,0.5,,6,0.166666667,7,0,0:24.08,0:46.68,1:09.30,,24.08,22.6,11.24,0
26/03/2025,沙田,2,第五班,1200米,,好地,"HK$ 875,000",5,7,隼閣,J056,田泰安,大衛希斯,129,1100,6,5-3/4,6 7 5,1:10.21,7.1,0,6,79.92,0,0,1:34.92,48,,0,0,8,0,8,0,0:24.08,0:46.68,1:09.30,,24.08,22.6,11.24,0
26/03/2025,沙田,2,第五班,1200米,,好地,"HK$ 875,000",6,12,前風,E281,潘明輝,徐雨石,116,1054,10,6,7 6 6,1:10.26,19,0,6.333333333,79.92,0,0,1:34.92,48,,0,0,9,0,6,0,0:24.08,0:46.68,1:09.30,,24.08,22.6,11.24,0
26/03/2025,沙田,2,第五班,1200米,,好地,"HK$ 875,000",7,6,星運皇爵,H489,鍾易禮,方嘉柏,129,1115,2,6-3/4,12 10 7,1:10.36,8.1,0,9.666666667,79.92,0,0,1:34.92,48,,,,4,0,7,0.142857143,0:24.08,0:46.68,1:09.30,,24.08,22.6,11.24,0
26/03/2025,沙田,2,第五班,1200米,,好地,"HK$ 875,000",8,4,質數,J352,布文,黎昭昇,133,1137,1,7,10 9 8,1:10.41,32,0,9,79.92,0,0,1:34.92,48,,0,0,6,0,2,0,0:24.08,0:46.68,1:09.30,,24.08,22.6,11.24,0
26/03/2025,沙田,2,第五班,1200米,,好地,"HK$ 875,000",9,1,專家,J028,霍宏聲,賀賢,135,1118,8,8,4 5 9,1:10.58,41,0,6,79.92,0,0,1:34.92,48,,,0,4,0.25,5,0,0:24.08,0:46.68,1:09.30,,24.08,22.6,11.24,0
26/03/2025,沙田,2,第五班,1200米,,好地,"HK$ 875,000",10,11,型到爆,H011,班德禮,蘇偉賢,116,1059,12,8-1/4,11 11 10,1:10.64,10,0,10.66666667,79.92,0,0,1:34.92,48,,0,0,6,0,6,0,0:24.08,0:46.68,1:09.30,,24.08,22.6,11.24,0
26/03/2025,沙田,2,第五班,1200米,,好地,"HK$ 875,000",11,2,博學多財,J167,奧爾民,韋達,134,1085,4,12,1 2 11,1:11.23,74,0,4.666666667,79.92,0,0,1:34.92,48,,0,0,7,0,5,0,0:24.08,0:46.68,1:09.30,,24.08,22.6,11.24,0
26/03/2025,沙田,2,第五班,1200米,,好地,"HK$ 875,000",12,10,最多歡笑,G251,湯普新,鄭俊偉,123,1117,11,12-1/2,8 12 12,1:11.32,57,0,10.66666667,79.92,0,0,1:34.92,48,,0,0.5,8,0,6,0.166666667,0:24.08,0:46.68,1:09.30,,24.08,22.6,11.24,0
26/03/2025,沙田,3,第四班,1650米,,好地,"HK$ 1,170,000",1,5,超加加,J486,金誠剛,姚本輝,125,1083,9,-,4 5 3 1,1:38.05,4.4,1,3.25,81.43,0,0,1:34.92,48,,,,3,0,6,0,0:27.86,0:50.57,1:14.61,1:38.05,27.86,22.71,24.04,23.44
26/03/2025,沙田,3,第四班,1650米,,好地,"HK$ 1,170,000",2,8,時間寶,H403,班德禮,葉楚航,121,1147,1,3-3/4,1 1 1 2,1:38.67,5.5,0,1.25,81.43,0,0,1:34.92,48,,,,7,0,8,0,0:27.86,0:50.57,1:14.61,1:38.05,27.86,22.71,24.04,23.44
26/03/2025,沙田,3,第四班,1650米,,好地,"HK$ 1,170,000",3,11,幻影旋風,J271,鍾易禮,容天鵬,117,1107,2,4-1/2,8 10 10 3,1:38.78,79,0,7.75,81.43,0,0,1:34.92,48,,,,5,0,7,0,0:27.86,0:50.57,1:14.61,1:38.05,27.86,22.71,24.04,23.44
26/03/2025,沙田,3,第四班,1650米,,好地,"HK$ 1,170,000",4,1,論文,H111,艾兆禮,徐雨石,135,1186,10,4-3/4,13 11 9 4,1:38.82,9.2,0,9.25,81.43,0,0,1:34.92,48,,,,10,0.1,7,0,0:27.86,0:50.57,1:14.61,1:38.05,27.86,22.71,24.04,23.44
26/03/2025,沙田,3,第四班,1650米,,好地,"HK$ 1,170,000",5,3,建測精英,K198,湯普新,大衛希斯,132,1111,5,5-1/2,6 6 6 5,1:38.93,19,0,5.75,81.43,0,0,1:34.92,48,,,,9,0,9,0,0:27.86,0:50.57,1:14.61,1:38.05,27.86,22.71,24.04,23.44
26/03/2025,沙田,3,第四班,1650米,,好地,"HK$ 1,170,000",6,13,幸運同行,J331,賀銘年,蔡約翰,119,1014,8,6-1/4,14 14 13 6,1:39.07,32,0,11.75,81.43,0,0,1:34.92,48,,,,1,1,13,0.153846154,0:27.86,0:50.57,1:14.61,1:38.05,27.86,22.71,24.04,23.44
26/03/2025,沙田,3,第四班,1650米,,好地,"HK$ 1,170,000",7,10,幸運震撼,J337,蔡明紹,羅富全,120,1086,6,6-1/2,10 8 7 7,1:39.09,12,0,8,81.43,0,0,1:34.92,48,,,,7,0.142857143,6,0.166666667,0:27.86,0:50.57,1:14.61,1:38.05,27.86,22.71,24.04,23.44
26/03/2025,沙田,3,第四班,1650米,,好地,"HK$ 1,170,000",8,12,無極勇將,J169,田泰安,游達榮,118,1054,12,7-3/4,12 12 11 8,1:39.30,26,0,10.75,81.43,0,0,1:34.92,48,,,,9,0,6,0,0:27.86,0:50.57,1:14.61,1:38.05,27.86,22.71,24.04,23.44
26/03/2025,沙田,3,第四班,1650米,,好地,"HK$ 1,170,000",9,9,閃耀威龍,G427,潘明輝,文家良,121,1082,11,9-3/4,2 2 2 9,1:39.62,8,0,3.75,81.43,0,0,1:34.92,48,,,,10,0,6,0,0:27.86,0:50.57,1:14.61,1:38.05,27.86,22.71,24.04,23.44
26/03/2025,沙田,3,第四班,1650米,,好地,"HK$ 1,170,000",10,6,不假外求,J493,麥當能,黎昭昇,125,1073,4,10,11 13 14 10,1:39.65,180,0,12,81.43,0,0,1:34.92,48,,,,4,0,3,0,0:27.86,0:50.57,1:14.61,1:38.05,27.86,22.71,24.04,23.44
26/03/2025,沙田,3,第四班,1650米,,好地,"HK$ 1,170,000",11,2,有派頭,J093,黃寶妮,沈集成,124,1164,14,10-1/4,7 7 8 11,1:39.70,6.6,0,8.25,81.43,0,0,1:34.92,48,,,,4,0,4,0,0:27.86,0:50.57,1:14.61,1:38.05,27.86,22.71,24.04,23.44
26/03/2025,沙田,3,第四班,1650米,,好地,"HK$ 1,170,000",12,4,祥龍駒,J456,奧爾民,伍鵬志,128,1071,7,10-3/4,5 4 4 12,1:39.78,23,0,6.25,81.43,0,0,1:34.92,48,,,,8,0,9,0.222222222,0:27.86,0:50.57,1:14.61,1:38.05,27.86,22.71,24.04,23.44
26/03/2025,沙田,3,第四班,1650米,,好地,"HK$ 1,170,000",13,14,樂矚心機,J453,楊明綸,鄭俊偉,117,1078,3,15,9 9 12 13,1:40.43,61,0,10.75,81.43,0,0,1:34.92,48,,,,1,0,7,0.142857143,0:27.86,0:50.57,1:14.61,1:38.05,27.86,22.71,24.04,23.44
26/03/2025,沙田,3,第四班,1650米,,好地,"HK$ 1,170,000",14,7,歡喜福星,G354,黃智弘,方嘉柏,115,1035,13,17,3 3 5 14,1:40.76,6.8,0,6.25,81.43,0,0,1:34.92,48,,,,2,0,8,0.125,0:27.86,0:50.57,1:14.61,1:38.05,27.86,22.71,24.04,23.44
26/03/2025,沙田,4,第五班,1200米,,好地,"HK$ 875,000",1,10,南區旺,H178,艾兆禮,羅富全,123,1061,4,-,5 6 1,1:09.38,3.4,1,4,68.63,0,0,1:34.92,48,,0,0,11,0.090909091,7,0.142857143,0:23.64,0:46.23,1:09.38,,23.64,22.59,10.9,0
26/03/2025,沙田,4,第五班,1200米,,好地,"HK$ 875,000",2,2,火神神樂,H384,班德禮,蘇偉賢,135,1112,2,2-1/4,9 8 2,1:09.72,4.5,0,6.333333333,68.63,0,0,1:34.92,48,,0,0,8,0,7,0,0:23.64,0:46.23,1:09.38,,23.64,22.59,10.9,0
26/03/2025,沙田,4,第五班,1200米,,好地,"HK$ 875,000",3,9,龍騰飛翔,E360,賀銘年,葉楚航,129,1227,3,2-1/2,6 4 3,1:09.77,24,0,4.333333333,68.63,0,0,1:34.92,48,,,0,2,0.5,9,0,0:23.64,0:46.23,1:09.38,,23.64,22.59,10.9,0
26/03/2025,沙田,4,第五班,1200米,,好地,"HK$ 875,000",4,4,漣心星,J095,黃智弘,方嘉柏,125,1106,6,2-1/2,3 1 4,1:09.77,8.6,0,2.666666667,68.63,0,0,1:34.92,48,,,0,3,0,9,0.111111111,0:23.64,0:46.23,1:09.38,,23.64,22.59,10.9,0
26/03/2025,沙田,4,第五班,1200米,,好地,"HK$ 875,000",5,6,威力勇驥,J057,田泰安,賀賢,131,1081,1,4,10 7 5,1:10.01,11,0,7.333333333,68.63,0,0,1:34.92,48,,0,0,10,0,6,0,0:23.64,0:46.23,1:09.38,,23.64,22.59,10.9,0
26/03/2025,沙田,4,第五班,1200米,,好地,"HK$ 875,000",6,8,瑤瑤日上,J423,周俊樂,容天鵬,127,1168,7,4-1/2,4 5 6,1:10.11,12,0,5,68.63,0,0,1:34.92,48,,0,0,6,0,8,0,0:23.64,0:46.23,1:09.38,,23.64,22.59,10.9,0
26/03/2025,沙田,4,第五班,1200米,,好地,"HK$ 875,000",7,11,鑽飾翱翔,G201,湯普新,姚本輝,122,1196,8,4-3/4,2 2 7,1:10.14,8.4,0,3.666666667,68.63,0,0,1:34.92,48,,0,0,10,0,7,0.142857143,0:23.64,0:46.23,1:09.38,,23.64,22.59,10.9,0
26/03/2025,沙田,4,第五班,1200米,,好地,"HK$ 875,000",8,12,加州代表,H404,鍾易禮,告東尼,112,1155,12,5-3/4,11 12 8,1:10.30,21,0,10.33333333,68.63,0,0,1:34.92,48,,0,0,6,0,9,0,0:23.64,0:46.23,1:09.38,,23.64,22.59,10.9,0
26/03/2025,沙田,4,第五班,1200米,,好地,"HK$ 875,000",9,1,中華威威,D075,潘明輝,徐雨石,135,1226,10,8-1/4,1 3 9,1:10.71,31,0,4.333333333,68.63,0,0,1:34.92,48,,0,0,11,0,8,0,0:23.64,0:46.23,1:09.38,,23.64,22.59,10.9,0
26/03/2025,沙田,4,第五班,1200米,,好地,"HK$ 875,000",10,3,英雄本色,J112,楊明綸,鄭俊偉,133,1068,5,8-3/4,12 11 10,1:10.76,85,0,11,68.63,0,0,1:34.92,48,,,0.333333333,2,0,8,0.125,0:23.64,0:46.23,1:09.38,,23.64,22.59,10.9,0
26/03/2025,沙田,4,第五班,1200米,,好地,"HK$ 875,000",11,7,快馬加鞭,H144,蔡明紹,巫偉傑,130,1162,9,9-1/2,7 9 11,1:10.90,11,0,9,68.63,0,0,1:34.92,48,,0.333333333,0.5,8,0.125,7,0.285714286,0:23.64,0:46.23,1:09.38,,23.64,22.59,10.9,0
26/03/2025,沙田,4,第五班,1200米,,好地,"HK$ 875,000",12,5,連連勝利,H097,黃寶妮,游達榮,122,1045,11,10,8 10 12,1:10.97,14,0,10,68.63,0,0,1:34.92,48,,0,0,5,0,7,0,0:23.64,0:46.23,1:09.38,,23.64,22.59,10.9,0
26/03/2025,沙田,5,第四班,1200米,,好地,"HK$ 1,170,000",1,11,加州星馳,J123,鍾易禮,告東尼,114,1167,2,-,12 11 1,1:09.37,20,1,8,81.19,0,0,1:34.92,48,,0,0,7,0,10,0,0:23.60,0:46.12,1:09.37,,23.6,22.52,10.94,0
26/03/2025,沙田,5,第四班,1200米,,好地,"HK$ 1,170,000",2,2,實力哥,H228,黃智弘,大衛希斯,128,1172,5,1/2,9 7 2,1:09.45,5.1,0,6,81.19,0,0,1:34.92,48,,0,0,4,0,10,0,0:23.60,0:46.12,1:09.37,,23.6,22.52,10.94,0
26/03/2025,沙田,5,第四班,1200米,,好地,"HK$ 1,170,000",3,4,手錶之星,H483,田泰安,巫偉傑,131,1177,3,1/2,4 4 3,1:09.46,3.3,0,3.666666667,81.19,0,0,1:34.92,48,,0,0.4,11,0,8,0.25,0:23.60,0:46.12,1:09.37,,23.6,22.52,10.94,0
26/03/2025,沙田,5,第四班,1200米,,好地,"HK$ 1,170,000",4,3,贏得自然,J365,黃寶妮,賀賢,124,1121,11,1/2,2 2 4,1:09.47,4.7,0,2.666666667,81.19,0,0,1:34.92,48,,0,0,6,0,7,0,0:23.60,0:46.12,1:09.37,,23.6,22.52,10.94,0
26/03/2025,沙田,5,第四班,1200米,,好地,"HK$ 1,170,000",5,12,銀刺勇士,J043,班德禮,方嘉柏,115,1107,12,1,3 3 5,1:09.55,14,0,3.666666667,81.19,0,0,1:34.92,48,,0,0,9,0,10,0.1,0:23.60,0:46.12,1:09.37,,23.6,22.52,10.94,0
26/03/2025,沙田,5,第四班,1200米,,好地,"HK$ 1,170,000",6,10,洛河,J308,賀銘年,丁冠豪,122,1171,6,2,1 1 6,1:09.68,15,0,2.666666667,81.19,0,0,1:34.92,48,,0,0,3,0.333333333,3,0,0:23.60,0:46.12,1:09.37,,23.6,22.52,10.94,0
26/03/2025,沙田,5,第四班,1200米,,好地,"HK$ 1,170,000",7,6,帝豪勝駒,K214,周俊樂,沈集成,125,1178,10,3,10 12 7,1:09.85,98,0,9.666666667,81.19,0,0,1:34.92,48,,0,0,7,0,5,0,0:23.60,0:46.12,1:09.37,,23.6,22.52,10.94,0
26/03/2025,沙田,5,第四班,1200米,,好地,"HK$ 1,170,000",8,7,陽光寶貝,J171,奧爾民,伍鵬志,126,1165,1,3,5 5 8,1:09.85,8.9,0,6,81.19,0,0,1:34.92,48,,0,0,9,0,10,0.2,0:23.60,0:46.12,1:09.37,,23.6,22.52,10.94,0
26/03/2025,沙田,5,第四班,1200米,,好地,"HK$ 1,170,000",9,1,廚神,K264,潘明輝,徐雨石,135,1157,4,3-1/2,8 8 9,1:09.94,33,0,8.333333333,81.19,0,0,1:34.92,48,,0,0,12,0,9,0,0:23.60,0:46.12,1:09.37,,23.6,22.52,10.94,0
26/03/2025,沙田,5,第四班,1200米,,好地,"HK$ 1,170,000",10,8,譽友駿駒,K022,霍宏聲,廖康銘,125,1048,9,4,6 6 10,1:10.00,10,0,7.333333333,81.19,0,0,1:34.92,48,,0,0,5,0.2,9,0,0:23.60,0:46.12,1:09.37,,23.6,22.52,10.94,0
26/03/2025,沙田,5,第四班,1200米,,好地,"HK$ 1,170,000",11,5,大眾快駒,K140,梁家俊,羅富全,127,1260,8,11,11 9 11,1:11.13,16,0,10.33333333,81.19,0,0,1:34.92,48,,1,0.333333333,7,0.285714286,8,0.25,0:23.60,0:46.12,1:09.37,,23.6,22.52,10.94,0
26/03/2025,沙田,5,第四班,1200米,,好地,"HK$ 1,170,000",12,9,魅力心,K053,艾兆禮,蔡約翰,123,1152,7,11,7 10 12,1:11.14,107,0,9.666666667,81.19,0,0,1:34.92,48,,0.25,0,12,0.166666667,14,0.142857143,0:23.60,0:46.12,1:09.37,,23.6,22.52,10.94,0
26/03/2025,沙田,6,第四班,1650米,,好地,"HK$ 1,170,000",1,10,川河型駒,J080,金誠剛,游達榮,120,1076,4,-,3 3 3 1,1:38.42,9.9,1,2.5,94.35,0,0,1:34.92,48,,1,0,4,0.25,8,0,0:28.10,0:51.89,1:15.46,1:38.42,28.1,23.79,23.57,22.96
26/03/2025,沙田,6,第四班,1650米,,好地,"HK$ 1,170,000",2,4,飛騰騅,E494,黃智弘,方嘉柏,120,1107,10,1-1/2,2 2 2 2,1:38.64,8,0,2,94.35,0,0,1:34.92,48,,0,0,5,0,11,0.090909091,0:28.10,0:51.89,1:15.46,1:38.42,28.1,23.79,23.57,22.96
26/03/2025,沙田,6,第四班,1650米,,好地,"HK$ 1,170,000",3,3,天時明駒,H016,霍宏聲,大衛希斯,128,1085,6,2-1/4,1 1 1 3,1:38.76,3.2,0,1.5,94.35,0,0,1:34.92,48,,,0,6,0.166666667,11,0,0:28.10,0:51.89,1:15.46,1:38.42,28.1,23.79,23.57,22.96
26/03/2025,沙田,6,第四班,1650米,,好地,"HK$ 1,170,000",4,12,銀皇興標,H420,蔡明紹,羅富全,118,1176,8,4,7 7 7 4,1:39.07,58,0,6.25,94.35,0,0,1:34.92,48,,0,0,9,0.111111111,9,0.222222222,0:28.10,0:51.89,1:15.46,1:38.42,28.1,23.79,23.57,22.96
26/03/2025,沙田,6,第四班,1650米,,好地,"HK$ 1,170,000",5,9,清遠之星,J350,潘明輝,賀賢,121,1117,7,4-1/2,4 4 4 5,1:39.12,30,0,4.25,94.35,0,0,1:34.92,48,,0,,13,0,8,0,0:28.10,0:51.89,1:15.46,1:38.42,28.1,23.79,23.57,22.96
26/03/2025,沙田,6,第四班,1650米,,好地,"HK$ 1,170,000",6,7,開心三多,H293,鍾易禮,告東尼,119,1010,2,4-3/4,8 9 8 6,1:39.16,21,0,7.75,94.35,0,0,1:34.92,48,,0,,8,0.125,11,0.090909091,0:28.10,0:51.89,1:15.46,1:38.42,28.1,23.79,23.57,22.96
26/03/2025,沙田,6,第四班,1650米,,好地,"HK$ 1,170,000",7,5,年年友福,G463,湯普新,鄭俊偉,124,1186,5,5,10 10 10 7,1:39.20,5.6,0,9.25,94.35,0,0,1:34.92,48,,0,0,11,0,9,0.111111111,0:28.10,0:51.89,1:15.46,1:38.42,28.1,23.79,23.57,22.96
26/03/2025,沙田,6,第四班,1650米,,好地,"HK$ 1,170,000",8,6,爆熱,G368,田泰安,伍鵬志,124,1067,12,6,13 13 11 8,1:39.37,5.8,0,11.25,94.35,0,0,1:34.92,48,,0,0,12,0,11,0.181818182,0:28.10,0:51.89,1:15.46,1:38.42,28.1,23.79,23.57,22.96
26/03/2025,沙田,6,第四班,1650米,,好地,"HK$ 1,170,000",9,13,躡景追飛,E478,黃寶妮,沈集成,107,1060,1,6-3/4,5 5 5 9,1:39.51,19,0,6,94.35,0,0,1:34.92,48,,0,0,7,0,6,0,0:28.10,0:51.89,1:15.46,1:38.42,28.1,23.79,23.57,22.96
26/03/2025,沙田,6,第四班,1650米,,好地,"HK$ 1,170,000",10,14,金發銀發,G112,楊明綸,呂健威,116,1190,3,7-1/4,6 6 6 10,1:39.58,40,0,7,94.35,0,0,1:34.92,48,,0,,3,0,9,0.333333333,0:28.10,0:51.89,1:15.46,1:38.42,28.1,23.79,23.57,22.96
26/03/2025,沙田,6,第四班,1650米,,好地,"HK$ 1,170,000",11,1,翠兒威威,K084,周俊樂,容天鵬,133,1117,13,7-3/4,11 12 9 11,1:39.64,19,0,10.75,94.35,0,0,1:34.92,48,,,0,8,0,9,0,0:28.10,0:51.89,1:15.46,1:38.42,28.1,23.79,23.57,22.96
26/03/2025,沙田,6,第四班,1650米,,好地,"HK$ 1,170,000",12,8,波爾多,E273,艾兆禮,蔡約翰,121,1080,14,9-1/2,14 14 13 12,1:39.95,13,0,13.25,94.35,0,0,1:34.92,48,,0,0,13,0.153846154,15,0.133333333,0:28.10,0:51.89,1:15.46,1:38.42,28.1,23.79,23.57,22.96
26/03/2025,沙田,6,第四班,1650米,,好地,"HK$ 1,170,000",13,2,艾彼奧,K193,奧爾民,大衛希斯,134,1096,11,16-1/2,12 11 12 13,1:41.06,85,0,12,94.35,0,0,1:34.92,48,,0,0,10,0,12,0,0:28.10,0:51.89,1:15.46,1:38.42,28.1,23.79,23.57,22.96
26/03/2025,沙田,6,第四班,1650米,,好地,"HK$ 1,170,000",14,11,閃亮老撾,J322,班德禮,巫偉傑,118,1156,9,36-1/2,9 8 14 14,1:44.25,58,0,11.25,94.35,0,0,1:34.92,48,,0,,10,0,9,0.222222222,0:28.10,0:51.89,1:15.46,1:38.42,28.1,23.79,23.57,22.96
26/03/2025,沙田,7,第四班,1200米,,好地,"HK$ 1,170,000",1,3,扶搖勢勁,K236,金誠剛,姚本輝,128,1070,3,-,3 3 1,1:08.27,3.5,1,2.333333333,120.67,0,0,1:34.92,48,,0,0,5,0.4,8,0.125,0:23.09,0:45.21,1:08.27,,23.09,22.12,10.73,0
26/03/2025,沙田,7,第四班,1200米,,好地,"HK$ 1,170,000",2,5,錶之星河,J343,蔡明紹,文家良,125,1150,9,2,9 7 2,1:08.58,9.9,0,6,120.67,0,0,1:34.92,48,,0.25,0,10,0.1,7,0,0:23.09,0:45.21,1:08.27,,23.09,22.12,10.73,0
26/03/2025,沙田,7,第四班,1200米,,好地,"HK$ 1,170,000",3,12,五福星,J099,田泰安,羅富全,116,1066,2,3,5 4 3,1:08.74,5.5,0,4,120.67,0,0,1:34.92,48,,0,0.25,13,0,10,0.2,0:23.09,0:45.21,1:08.27,,23.09,22.12,10.73,0
26/03/2025,沙田,7,第四班,1200米,,好地,"HK$ 1,170,000",4,1,花果猴王,H455,鍾易禮,告東尼,132,1123,8,6,8 8 4,1:09.23,13,0,6.666666667,120.67,0,0,1:34.92,48,,0.333333333,0.333333333,9,0.111111111,12,0.083333333,0:23.09,0:45.21,1:08.27,,23.09,22.12,10.73,0
26/03/2025,沙田,7,第四班,1200米,,好地,"HK$ 1,170,000",5,8,多彩多姿,J312,楊明綸,蘇偉賢,122,1176,6,6-1/4,2 1 5,1:09.26,19,0,2.666666667,120.67,0,0,1:34.92,48,,0,0,4,0,8,0,0:23.09,0:45.21,1:08.27,,23.09,22.12,10.73,0
26/03/2025,沙田,7,第四班,1200米,,好地,"HK$ 1,170,000",6,6,星火燎原,J150,艾兆禮,徐雨石,125,1139,10,6-3/4,10 10 6,1:09.36,13,0,8.666666667,120.67,0,0,1:34.92,48,,0.2,0,14,0.142857143,10,0,0:23.09,0:45.21,1:08.27,,23.09,22.12,10.73,0
26/03/2025,沙田,7,第四班,1200米,,好地,"HK$ 1,170,000",7,7,日日獎,H283,班德禮,方嘉柏,124,1186,11,8-1/2,11 12 7,1:09.64,18,0,10,120.67,0,0,1:34.92,48,,0,0,11,0,12,0.083333333,0:23.09,0:45.21,1:08.27,,23.09,22.12,10.73,0
26/03/2025,沙田,7,第四班,1200米,,好地,"HK$ 1,170,000",8,2,運來勇士,H229,霍宏聲,游達榮,134,1133,4,9-1/2,1 2 8,1:09.80,5,0,3.666666667,120.67,0,0,1:34.92,48,,0,0,7,0.142857143,9,0.111111111,0:23.09,0:45.21,1:08.27,,23.09,22.12,10.73,0
26/03/2025,沙田,7,第四班,1200米,,好地,"HK$ 1,170,000",9,11,超悅明駒,G003,黃寶妮,賀賢,106,1179,1,10-1/4,4 5 9,1:09.92,9.2,0,6,120.67,0,0,1:34.92,48,,0,0,8,0,9,0,0:23.09,0:45.21,1:08.27,,23.09,22.12,10.73,0
26/03/2025,沙田,7,第四班,1200米,,好地,"HK$ 1,170,000",10,10,肥仔精神,K110,梁家俊,容天鵬,121,1154,7,11-1/4,7 9 10,1:10.09,17,0,8.666666667,120.67,0,0,1:34.92,48,,0.666666667,0,8,0.25,10,0,0:23.09,0:45.21,1:08.27,,23.09,22.12,10.73,0
26/03/2025,沙田,7,第四班,1200米,,好地,"HK$ 1,170,000",11,9,太行美景,J314,周俊樂,沈集成,121,1130,5,12,6 6 11,1:10.18,37,0,7.666666667,120.67,0,0,1:34.92,48,,0,0,9,0,7,0,0:23.09,0:45.21,1:08.27,,23.09,22.12,10.73,0
26/03/2025,沙田,7,第四班,1200米,,好地,"HK$ 1,170,000",12,4,宸居武士,J505,布文,蔡約翰,126,1026,12,14-1/4,12 11 12,1:10.55,121,0,11.66666667,120.67,0,0,1:34.92,48,,0,0,7,0,16,0.125,0:23.09,0:45.21,1:08.27,,23.09,22.12,10.73,0
26/03/2025,沙田,8,第三班,1650米,,好地,"HK$ 2,050,000",1,1,電訊巴打,D482,鍾易禮,徐雨石,132,1116,12,-,1 1 1 1,1:38.33,57,1,1,68.25,0,0,1:34.92,48,,0,0,10,0.1,11,0,0:27.77,0:51.77,1:14.94,1:38.33,27.77,24,23.17,23.39
26/03/2025,沙田,8,第三班,1650米,,好地,"HK$ 2,050,000",2,11,天威,J200,楊明綸,羅富全,120,1134,8,短馬頭位,9 7 5 2,1:38.34,9.7,0,5.75,68.25,0,0,1:34.92,48,,0,0,5,0,11,0.181818182,0:27.77,0:51.77,1:14.94,1:38.33,27.77,24,23.17,23.39
26/03/2025,沙田,8,第三班,1650米,,好地,"HK$ 2,050,000",3,14,勝意,J203,田泰安,黎昭昇,115,1126,9,1/2,11 11 9 3,1:38.42,3.4,0,8.5,68.25,0,0,1:34.92,48,,0,0,14,0,4,0,0:27.77,0:51.77,1:14.94,1:38.33,27.77,24,23.17,23.39
26/03/2025,沙田,8,第三班,1650米,,好地,"HK$ 2,050,000",4,13,新意馬,K094,蔡明紹,廖康銘,115,1134,4,1-1/4,2 2 2 4,1:38.54,3.3,0,2.5,68.25,0,0,1:34.92,48,,0,,11,0.090909091,10,0,0:27.77,0:51.77,1:14.94,1:38.33,27.77,24,23.17,23.39
26/03/2025,沙田,8,第三班,1650米,,好地,"HK$ 2,050,000",5,2,港林福將,H192,梁家俊,羅富全,132,1234,2,1-1/2,3 3 4 5,1:38.57,14,0,3.75,68.25,0,0,1:34.92,48,,,0,9,0.222222222,12,0.166666667,0:27.77,0:51.77,1:14.94,1:38.33,27.77,24,23.17,23.39
26/03/2025,沙田,8,第三班,1650米,,好地,"HK$ 2,050,000",6,5,都靈福星,H165,奧爾民,伍鵬志,130,1130,6,1-3/4,8 10 11 6,1:38.59,32,0,8.75,68.25,0,0,1:34.92,48,,0,0,11,0,12,0.166666667,0:27.77,0:51.77,1:14.94,1:38.33,27.77,24,23.17,23.39
26/03/2025,沙田,8,第三班,1650米,,好地,"HK$ 2,050,000",7,7,精彩動力,H120,黃智弘,方嘉柏,118,1073,10,2-1/2,12 13 12 7,1:38.75,22,0,11,68.25,0,0,1:34.92,48,,0,0,6,0,13,0.076923077,0:27.77,0:51.77,1:14.94,1:38.33,27.77,24,23.17,23.39
26/03/2025,沙田,8,第三班,1650米,,好地,"HK$ 2,050,000",8,3,魅力寶駒,G213,布文,蔡約翰,131,1203,13,3-1/4,13 9 6 8,1:38.85,22,0,9,68.25,0,0,1:34.92,48,,,0,8,0,17,0.117647059,0:27.77,0:51.77,1:14.94,1:38.33,27.77,24,23.17,23.39
26/03/2025,沙田,8,第三班,1650米,,好地,"HK$ 2,050,000",9,8,凱明神駒,K190,潘明輝,沈集成,121,995,1,3-1/4,5 6 8 9,1:38.86,32,0,7,68.25,0,0,1:34.92,48,,0,0,14,0,8,0,0:27.77,0:51.77,1:14.94,1:38.33,27.77,24,23.17,23.39
26/03/2025,沙田,8,第三班,1650米,,好地,"HK$ 2,050,000",10,9,競駿光輝,H135,周俊樂,葉楚航,121,1150,14,5,6 4 3 10,1:39.13,54,0,5.75,68.25,0,0,1:34.92,48,,0,0,10,0,10,0,0:27.77,0:51.77,1:14.94,1:38.33,27.77,24,23.17,23.39
26/03/2025,沙田,8,第三班,1650米,,好地,"HK$ 2,050,000",11,12,艾莉奧,G223,黃寶妮,大衛希斯,109,1207,7,5-1/2,4 5 7 11,1:39.23,13,0,6.75,68.25,0,0,1:34.92,48,,0,0,9,0,13,0,0:27.77,0:51.77,1:14.94,1:38.33,27.77,24,23.17,23.39
26/03/2025,沙田,8,第三班,1650米,,好地,"HK$ 2,050,000",12,10,堅闖,J015,班德禮,伍鵬志,120,1086,3,6,10 12 13 12,1:39.27,6.9,0,11.75,68.25,0,0,1:34.92,48,,0,0,12,0,13,0.153846154,0:27.77,0:51.77,1:14.94,1:38.33,27.77,24,23.17,23.39
26/03/2025,沙田,8,第三班,1650米,,好地,"HK$ 2,050,000",13,6,浪漫老撾,G476,艾兆禮,巫偉傑,126,1172,11,7,14 14 14 13,1:39.47,63,0,13.75,68.25,0,0,1:34.92,48,,0,0,15,0.133333333,10,0.2,0:27.77,0:51.77,1:14.94,1:38.33,27.77,24,23.17,23.39
26/03/2025,沙田,8,第三班,1650米,,好地,"HK$ 2,050,000",14,4,黃腳鱲,G326,麥當能,呂健威,131,1217,5,8-1/4,7 8 10 14,1:39.66,36,0,9.75,68.25,0,0,1:34.92,48,,0,0,5,0,10,0.3,0:27.77,0:51.77,1:14.94,1:38.33,27.77,24,23.17,23.39
26/03/2025,沙田,9,第三班,1200米,,好地,"HK$ 1,860,000",1,8,德心知遇,J133,艾兆禮,蔡約翰,119,1163,6,-,8 6 1,1:08.15,4.1,1,5,68.52,0,0,1:34.92,48,,0.166666667,0,16,0.125,18,0.111111111,0:22.91,0:44.94,1:08.15,,22.91,22.03,10.69,0
26/03/2025,沙田,9,第三班,1200米,,好地,"HK$ 1,860,000",2,10,皇龍飛將,J279,蔡明紹,姚本輝,115,1044,8,1-1/2,11 11 2,1:08.38,6,0,8,68.52,0,0,1:34.92,48,,0.2,0.333333333,12,0.083333333,9,0.222222222,0:22.91,0:44.94,1:08.15,,22.91,22.03,10.69,0
26/03/2025,沙田,9,第三班,1200米,,好地,"HK$ 1,860,000",3,5,晶晶日上,H089,布文,容天鵬,129,1212,2,1-3/4,7 5 3,1:08.41,6.2,0,5,68.52,0,0,1:34.92,48,,0,0,9,0,11,0,0:22.91,0:44.94,1:08.15,,22.91,22.03,10.69,0
26/03/2025,沙田,9,第三班,1200米,,好地,"HK$ 1,860,000",4,9,喜旺駒,G110,班德禮,方嘉柏,115,1233,9,2-1/2,10 9 4,1:08.56,14,0,7.666666667,68.52,0,0,1:34.92,48,,0,0,13,0,14,0.071428571,0:22.91,0:44.94,1:08.15,,22.91,22.03,10.69,0
26/03/2025,沙田,9,第三班,1200米,,好地,"HK$ 1,860,000",5,1,昇瀧駒,J141,黃寶妮,廖康銘,125,1195,11,4-1/2,6 7 5,1:08.86,7.2,0,6,68.52,0,0,1:34.92,48,,0,0,10,0,11,0,0:22.91,0:44.94,1:08.15,,22.91,22.03,10.69,0
26/03/2025,沙田,9,第三班,1200米,,好地,"HK$ 1,860,000",6,2,輝煌精英,H311,梁家俊,丁冠豪,134,1210,12,6-1/2,2 3 6,1:09.18,14,0,3.666666667,68.52,0,0,1:34.92,48,,0.5,0,10,0.2,4,0,0:22.91,0:44.94,1:08.15,,22.91,22.03,10.69,0
26/03/2025,沙田,9,第三班,1200米,,好地,"HK$ 1,860,000",7,11,縱橫大進,H072,鍾易禮,黎昭昇,112,1117,7,7-1/2,12 12 7,1:09.33,32,0,10.33333333,68.52,0,0,1:34.92,48,,0.25,0,11,0.181818182,5,0,0:22.91,0:44.94,1:08.15,,22.91,22.03,10.69,0
26/03/2025,沙田,9,第三班,1200米,,好地,"HK$ 1,860,000",8,4,龍之輝,H410,奧爾民,呂健威,130,1216,10,7-3/4,5 8 8,1:09.38,21,0,7,68.52,0,0,1:34.92,48,,0,1,12,0,11,0.272727273,0:22.91,0:44.94,1:08.15,,22.91,22.03,10.69,0
26/03/2025,沙田,9,第三班,1200米,,好地,"HK$ 1,860,000",9,6,假面騎士,K169,田泰安,蘇偉賢,126,1140,3,8-3/4,4 4 9,1:09.53,8,0,5.666666667,68.52,0,0,1:34.92,48,,0,0,15,0,9,0,0:22.91,0:44.94,1:08.15,,22.91,22.03,10.69,0
26/03/2025,沙田,9,第三班,1200米,,好地,"HK$ 1,860,000",10,12,燭光晚餐,J468,楊明綸,徐雨石,115,1109,4,9,1 1 10,1:09.60,23,0,4,68.52,0,0,1:34.92,48,,0,0,6,0,12,0.083333333,0:22.91,0:44.94,1:08.15,,22.91,22.03,10.69,0
26/03/2025,沙田,9,第三班,1200米,,好地,"HK$ 1,860,000",11,3,自強不息,H337,潘明輝,文家良,134,1108,5,9-1/2,9 10 11,1:09.67,29,0,10,68.52,0,0,1:34.92,48,,0,0,15,0,8,0,0:22.91,0:44.94,1:08.15,,22.91,22.03,10.69,0
26/03/2025,沙田,9,第三班,1200米,,好地,"HK$ 1,860,000",12,7,川河動駒,H456,周俊樂,沈集成,122,1186,1,14-1/4,3 2 12,1:10.44,11,0,5.666666667,68.52,0,0,1:34.92,48,,0,0,11,0,9,0,0:22.91,0:44.94,1:08.15,,22.91,22.03,10.69,0
30/03/2025,沙田,1,第四班,2000米,"草地 - ""A+3"" 賽道",好地,"HK$ 1,170,000",1,4,勁大威猛,H450,潘明輝,姚本輝,132,998,4,-,7 8 10 8 1,2:02.35,5.8,1,6.8,81.27,0,0,1:34.92,48,,,,16,0,10,0.2,0:26.11,0:50.80,1:14.49,1:37.97,26.11,24.69,23.69,47.86
30/03/2025,沙田,1,第四班,2000米,"草地 - ""A+3"" 賽道",好地,"HK$ 1,170,000",2,14,管之友,E496,田泰安,賀賢,117,1141,5,3/4,10 10 12 10 2,2:02.46,8.2,0,8.8,81.27,0,0,1:34.92,48,,0,,16,0,10,0,0:26.11,0:50.80,1:14.49,1:37.97,26.11,24.69,23.69,47.86
30/03/2025,沙田,1,第四班,2000米,"草地 - ""A+3"" 賽道",好地,"HK$ 1,170,000",3,9,捷足奔馳,J524,湯普新,黎昭昇,127,1119,11,1-1/4,4 4 5 5 3,2:02.54,103,0,4.2,81.27,0,0,1:34.92,48,,0,,12,0,6,0,0:26.11,0:50.80,1:14.49,1:37.97,26.11,24.69,23.69,47.86
30/03/2025,沙田,1,第四班,2000米,"草地 - ""A+3"" 賽道",好地,"HK$ 1,170,000",4,10,風起雲湧,J183,奧爾民,蘇偉賢,126,1149,10,1-3/4,2 2 3 3 4,2:02.63,50,0,2.8,81.27,0,0,1:34.92,48,,0,,13,0,10,0,0:26.11,0:50.80,1:14.49,1:37.97,26.11,24.69,23.69,47.86
30/03/2025,沙田,1,第四班,2000米,"草地 - ""A+3"" 賽道",好地,"HK$ 1,170,000",5,5,妙算奇勝,J377,霍宏聲,廖康銘,130,1015,2,2-3/4,6 7 7 6 5,2:02.78,3.4,0,6.2,81.27,0,0,1:34.92,48,,0,0,8,0.125,12,0,0:26.11,0:50.80,1:14.49,1:37.97,26.11,24.69,23.69,47.86
30/03/2025,沙田,1,第四班,2000米,"草地 - ""A+3"" 賽道",好地,"HK$ 1,170,000",6,13,青春力量,H358,麥當能,大衛希斯,121,1035,1,3,1 1 2 1 6,2:02.81,33,0,2.2,81.27,0,0,1:34.92,48,,,0,6,0,14,0,0:26.11,0:50.80,1:14.49,1:37.97,26.11,24.69,23.69,47.86
30/03/2025,沙田,1,第四班,2000米,"草地 - ""A+3"" 賽道",好地,"HK$ 1,170,000",7,2,風火恆雲,H388,潘頓,姚本輝,135,1094,6,3,9 9 8 9 7,2:02.84,8.5,0,8.4,81.27,0,0,1:34.92,48,,,1,0,0,11,0.272727273,0:26.11,0:50.80,1:14.49,1:37.97,26.11,24.69,23.69,47.86
30/03/2025,沙田,1,第四班,2000米,"草地 - ""A+3"" 賽道",好地,"HK$ 1,170,000",8,1,富喜來,H213,周俊樂,沈集成,133,1109,14,4-3/4,14 14 14 13 8,2:03.10,37,0,12.6,81.27,0,0,1:34.92,48,,,,12,0,10,0,0:26.11,0:50.80,1:14.49,1:37.97,26.11,24.69,23.69,47.86
30/03/2025,沙田,1,第四班,2000米,"草地 - ""A+3"" 賽道",好地,"HK$ 1,170,000",9,8,旋風傳奇,J152,艾兆禮,伍鵬志,127,1123,3,5-3/4,5 6 6 7 9,2:03.28,20,0,6.6,81.27,1,0,1:34.92,48,6.0,0,0,17,0.176470588,14,0.142857143,0:26.11,0:50.80,1:14.49,1:37.97,26.11,24.69,23.69,47.86
30/03/2025,沙田,1,第四班,2000米,"草地 - ""A+3"" 賽道",好地,"HK$ 1,170,000",10,12,架勢奇爸,G312,巴度,告東尼,121,1165,12,6-1/4,12 13 9 11 10,2:03.34,16,0,11,81.27,0,0,1:34.92,48,,0,0,5,0,13,0.076923077,0:26.11,0:50.80,1:14.49,1:37.97,26.11,24.69,23.69,47.86
30/03/2025,沙田,1,第四班,2000米,"草地 - ""A+3"" 賽道",好地,"HK$ 1,170,000",11,3,八駿笑昇,H296,班德禮,告東尼,134,1125,8,7-1/2,11 11 11 12 11,2:03.53,20,0,11.2,81.27,0,0,1:34.92,48,,,0,14,0,14,0.071428571,0:26.11,0:50.80,1:14.49,1:37.97,26.11,24.69,23.69,47.86
30/03/2025,沙田,1,第四班,2000米,"草地 - ""A+3"" 賽道",好地,"HK$ 1,170,000",12,6,祥勝將軍,J509,布文,韋達,128,1090,7,7-1/2,8 5 1 2 12,2:03.57,10,0,5.6,81.27,0,0,1:34.92,48,,0,,10,0,6,0,0:26.11,0:50.80,1:14.49,1:37.97,26.11,24.69,23.69,47.86
30/03/2025,沙田,1,第四班,2000米,"草地 - ""A+3"" 賽道",好地,"HK$ 1,170,000",13,11,小飛俠,J224,艾道拿,蔡約翰,126,1120,9,10-1/2,3 3 4 4 13,2:04.02,6.8,0,5.4,81.27,0,0,1:34.92,48,,0,0,7,0,19,0.157894737,0:26.11,0:50.80,1:14.49,1:37.97,26.11,24.69,23.69,47.86
30/03/2025,沙田,1,第四班,2000米,"草地 - ""A+3"" 賽道",好地,"HK$ 1,170,000",14,7,亞福得寶,J242,楊明綸,大衛希斯,127,1240,13,19-3/4,13 12 13 14 14,2:05.50,45,0,13.2,81.27,0,0,1:34.92,48,,,0,7,0,15,0,0:26.11,0:50.80,1:14.49,1:37.97,26.11,24.69,23.69,47.86
30/03/2025,沙田,2,第二班,1200米,"草地 - ""A+3"" 賽道",好地,"HK$ 2,840,000",1,1,舉步生風,J358,布文,葉楚航,130,1158,5,-,7 5 1,1:08.36,1.4,1,4.333333333,79.92,0,0,1:34.92,48,,0,0,11,0,11,0,0:23.43,0:45.78,1:08.36,,23.43,22.35,11.1,0
30/03/2025,沙田,2,第二班,1200米,"草地 - ""A+3"" 賽道",好地,"HK$ 2,840,000",2,2,天天同樂,J316,潘頓,羅富全,129,1053,3,4,2 2 2,1:09.01,4.9,0,2,79.92,0,0,1:34.92,48,,,0.2,1,0,13,0.153846154,0:23.43,0:45.78,1:08.36,,23.43,22.35,11.1,0
30/03/2025,沙田,2,第二班,1200米,"草地 - ""A+3"" 賽道",好地,"HK$ 2,840,000",3,7,星際快車,J186,艾兆禮,蔡約翰,120,1127,7,4-3/4,5 6 3,1:09.14,32,0,4.666666667,79.92,0,0,1:34.92,48,,0.285714286,0.142857143,18,0.166666667,20,0.15,0:23.43,0:45.78,1:08.36,,23.43,22.35,11.1,0
30/03/2025,沙田,2,第二班,1200米,"草地 - ""A+3"" 賽道",好地,"HK$ 2,840,000",4,6,人和家興,E061,黃寶妮,大衛希斯,110,1201,4,5-3/4,3 3 4,1:09.28,18,0,3.333333333,79.92,0,0,1:34.92,48,,0,0,11,0,16,0,0:23.43,0:45.78,1:08.36,,23.43,22.35,11.1,0
30/03/2025,沙田,2,第二班,1200米,"草地 - ""A+3"" 賽道",好地,"HK$ 2,840,000",5,3,駿跑得,K208,霍宏聲,廖康銘,124,1115,6,6-1/2,6 7 5,1:09.41,5.6,0,6,79.92,0,0,1:34.92,48,,0,0,9,0.111111111,13,0,0:23.43,0:45.78,1:08.36,,23.43,22.35,11.1,0
30/03/2025,沙田,2,第二班,1200米,"草地 - ""A+3"" 賽道",好地,"HK$ 2,840,000",6,5,八駿巨昇,H092,鍾易禮,告東尼,119,1157,1,7-1/4,1 1 6,1:09.51,34,0,2.666666667,79.92,0,0,1:34.92,48,,0.2,0.25,12,0.166666667,15,0.066666667,0:23.43,0:45.78,1:08.36,,23.43,22.35,11.1,0
30/03/2025,沙田,2,第二班,1200米,"草地 - ""A+3"" 賽道",好地,"HK$ 2,840,000",7,4,狀元及第,E392,艾道拿,告東尼,124,1183,2,8,4 4 7,1:09.64,55,0,5,79.92,0,0,1:34.92,48,,0,0.2,8,0,16,0.0625,0:23.43,0:45.78,1:08.36,,23.43,22.35,11.1,0
30/03/2025,沙田,3,第四班,1200米,"草地 - ""A+3"" 賽道",好地,"HK$ 1,170,000",1,10,寶進,K249,梁家俊,巫偉傑,126,1172,13,-,1 1 1,1:09.40,17,1,1,81.43,0,0,1:34.92,48,,0.4,0.333333333,11,0.181818182,11,0.181818182,0:24.23,0:46.76,1:09.40,,24.23,22.53,11.25,0
30/03/2025,沙田,3,第四班,1200米,"草地 - ""A+3"" 賽道",好地,"HK$ 1,170,000",2,12,天下寵兒,J359,田泰安,呂健威,122,1099,1,2,3 2 2,1:09.71,3.5,0,2.333333333,81.43,0,0,1:34.92,48,,0,0.5,17,0,12,0.25,0:24.23,0:46.76,1:09.40,,24.23,22.53,11.25,0
30/03/2025,沙田,3,第四班,1200米,"草地 - ""A+3"" 賽道",好地,"HK$ 1,170,000",3,6,快活英雄,J346,湯普新,黎昭昇,127,1167,7,2,8 5 3,1:09.72,11,0,5.333333333,81.43,0,0,1:34.92,48,,0,0,13,0,7,0,0:24.23,0:46.76,1:09.40,,24.23,22.53,11.25,0
30/03/2025,沙田,3,第四班,1200米,"草地 - ""A+3"" 賽道",好地,"HK$ 1,170,000",4,3,海綠寶,J518,奧爾民,姚本輝,128,1088,3,2-1/4,5 4 4,1:09.76,6.3,0,4.333333333,81.43,0,0,1:34.92,48,,0,0.25,14,0,12,0.25,0:24.23,0:46.76,1:09.40,,24.23,22.53,11.25,0
30/03/2025,沙田,3,第四班,1200米,"草地 - ""A+3"" 賽道",好地,"HK$ 1,170,000",5,5,康昌之星,K003,霍宏聲,廖康銘,127,1116,9,3-1/4,9 8 5,1:09.90,107,0,7.333333333,81.43,0,0,1:34.92,48,,0,0,10,0.1,14,0,0:24.23,0:46.76,1:09.40,,24.23,22.53,11.25,0
30/03/2025,沙田,3,第四班,1200米,"草地 - ""A+3"" 賽道",好地,"HK$ 1,170,000",6,9,花香月明,K276,布文,游達榮,127,1096,11,3-1/2,12 11 6,1:09.94,46,0,9.666666667,81.43,0,0,1:34.92,48,,0.2,0,12,0.083333333,10,0.1,0:24.23,0:46.76,1:09.40,,24.23,22.53,11.25,0
30/03/2025,沙田,3,第四班,1200米,"草地 - ""A+3"" 賽道",好地,"HK$ 1,170,000",7,8,開心老友,K213,巫顯東,沈集成,125,1257,4,4-1/2,7 6 7,1:10.11,160,0,6.666666667,81.43,0,0,1:34.92,48,,,0,1,0,11,0,0:24.23,0:46.76,1:09.40,,24.23,22.53,11.25,0
30/03/2025,沙田,3,第四班,1200米,"草地 - ""A+3"" 賽道",好地,"HK$ 1,170,000",8,4,前衛火影,K103,班德禮,丁冠豪,127,1075,12,5-1/4,14 14 8,1:10.22,63,0,12,81.43,0,0,1:34.92,48,,0,0,15,0,5,0,0:24.23,0:46.76,1:09.40,,24.23,22.53,11.25,0
30/03/2025,沙田,3,第四班,1200米,"草地 - ""A+3"" 賽道",好地,"HK$ 1,170,000",9,2,維港激流,J393,周俊樂,韋達,129,1061,8,6-1/4,6 9 9,1:10.41,120,0,8,81.43,0,0,1:34.92,48,,0,0,13,0,7,0,0:24.23,0:46.76,1:09.40,,24.23,22.53,11.25,0
30/03/2025,沙田,3,第四班,1200米,"草地 - ""A+3"" 賽道",好地,"HK$ 1,170,000",10,1,耀昌勝世,J529,鍾易禮,葉楚航,132,1130,5,6-1/2,10 10 10,1:10.42,107,0,10,81.43,0,0,1:34.92,48,,0.166666667,0.333333333,13,0.153846154,12,0.083333333,0:24.23,0:46.76,1:09.40,,24.23,22.53,11.25,0
30/03/2025,沙田,3,第四班,1200米,"草地 - ""A+3"" 賽道",好地,"HK$ 1,170,000",11,11,堅多福,K306,董明朗,方嘉柏,125,1192,10,6-1/2,13 13 11,1:10.44,175,0,12.33333333,81.43,0,0,1:34.92,48,,0,0,3,0,15,0.066666667,0:24.23,0:46.76,1:09.40,,24.23,22.53,11.25,0
30/03/2025,沙田,3,第四班,1200米,"草地 - ""A+3"" 賽道",好地,"HK$ 1,170,000",12,14,摩界,H445,楊明綸,容天鵬,119,1064,14,7-1/2,11 12 12,1:10.60,85,0,11.66666667,81.43,0,0,1:34.92,48,,0,0,8,0,12,0,0:24.23,0:46.76,1:09.40,,24.23,22.53,11.25,0
30/03/2025,沙田,3,第四班,1200米,"草地 - ""A+3"" 賽道",好地,"HK$ 1,170,000",13,13,機械騎士,H464,艾兆禮,伍鵬志,122,1046,6,9,4 7 13,1:10.85,38,0,8,81.43,0,0,1:34.92,48,,0.25,0,19,0.157894737,15,0.133333333,0:24.23,0:46.76,1:09.40,,24.23,22.53,11.25,0
30/03/2025,沙田,3,第四班,1200米,"草地 - ""A+3"" 賽道",好地,"HK$ 1,170,000",14,7,嘉應駿昇,K247,潘頓,大衛希斯,127,1184,2,10,2 3 14,1:11.01,1.9,0,6.333333333,81.43,0,0,1:34.92,48,,0,0,2,0,17,0,0:24.23,0:46.76,1:09.40,,24.23,22.53,11.25,0
30/03/2025,沙田,4,第四班,1200米,"草地 - ""A+3"" 賽道",好地,"HK$ 1,170,000",1,8,小鳥天堂,K246,霍宏聲,丁冠豪,128,1231,13,-,1 1 1,1:09.23,3.3,1,1,68.63,0,0,1:34.92,48,,0,0,11,0.090909091,6,0,0:23.86,0:46.10,1:09.23,,23.86,22.24,11.05,0
30/03/2025,沙田,4,第四班,1200米,"草地 - ""A+3"" 賽道",好地,"HK$ 1,170,000",2,11,特別美麗,H123,賀銘年,羅富全,126,1214,2,頭位,4 3 2,1:09.26,6.7,0,3,68.63,0,0,1:34.92,48,,0,0.166666667,4,0.25,14,0.142857143,0:23.86,0:46.10,1:09.23,,23.86,22.24,11.05,0
30/03/2025,沙田,4,第四班,1200米,"草地 - ""A+3"" 賽道",好地,"HK$ 1,170,000",3,4,笑喜喜,K136,潘頓,蘇偉賢,129,1180,4,1-1/2,5 4 3,1:09.45,2.6,0,4,68.63,0,0,1:34.92,48,,0,0,3,0,11,0,0:23.86,0:46.10,1:09.23,,23.86,22.24,11.05,0
30/03/2025,沙田,4,第四班,1200米,"草地 - ""A+3"" 賽道",好地,"HK$ 1,170,000",4,1,翹峯,H441,周俊樂,容天鵬,133,1223,1,2-1/4,9 8 4,1:09.57,55,0,7,68.63,0,0,1:34.92,48,,0,0,14,0,13,0,0:23.86,0:46.10,1:09.23,,23.86,22.24,11.05,0
30/03/2025,沙田,4,第四班,1200米,"草地 - ""A+3"" 賽道",好地,"HK$ 1,170,000",5,12,天外迎天,J490,田泰安,大衛希斯,125,1116,5,2-1/2,7 6 5,1:09.62,12,0,6,68.63,0,0,1:34.92,48,,0,0,18,0,18,0,0:23.86,0:46.10,1:09.23,,23.86,22.24,11.05,0
30/03/2025,沙田,4,第四班,1200米,"草地 - ""A+3"" 賽道",好地,"HK$ 1,170,000",6,7,做好自己,J444,金誠剛,呂健威,128,1014,6,3,6 7 6,1:09.69,30,0,6.333333333,68.63,0,0,1:34.92,48,,0.5,0.333333333,6,0.5,13,0.230769231,0:23.86,0:46.10,1:09.23,,23.86,22.24,11.05,0
30/03/2025,沙田,4,第四班,1200米,"草地 - ""A+3"" 賽道",好地,"HK$ 1,170,000",7,2,富心星,K125,湯普新,方嘉柏,134,1144,3,3-1/2,2 2 7,1:09.80,76,0,3.666666667,68.63,0,0,1:34.92,48,,0,0,14,0,16,0.0625,0:23.86,0:46.10,1:09.23,,23.86,22.24,11.05,0
30/03/2025,沙田,4,第四班,1200米,"草地 - ""A+3"" 賽道",好地,"HK$ 1,170,000",8,10,順善寶,K239,梁家俊,沈集成,128,1201,12,3-3/4,8 9 8,1:09.82,121,0,8.333333333,68.63,0,0,1:34.92,48,,0.5,0,12,0.25,12,0,0:23.86,0:46.10,1:09.23,,23.86,22.24,11.05,0
30/03/2025,沙田,4,第四班,1200米,"草地 - ""A+3"" 賽道",好地,"HK$ 1,170,000",9,9,真僥倖,K270,布文,游達榮,128,1177,9,4,12 10 9,1:09.86,58,0,10.33333333,68.63,0,0,1:34.92,48,,0.166666667,0,13,0.076923077,11,0.090909091,0:23.86,0:46.10,1:09.23,,23.86,22.24,11.05,0
30/03/2025,沙田,4,第四班,1200米,"草地 - ""A+3"" 賽道",好地,"HK$ 1,170,000",10,14,四喜鳥,H181,巴度,黎昭昇,116,1113,14,4-1/4,13 11 10,1:09.92,10,0,11.33333333,68.63,0,0,1:34.92,48,,0,0,6,0,8,0,0:23.86,0:46.10,1:09.23,,23.86,22.24,11.05,0
30/03/2025,沙田,4,第四班,1200米,"草地 - ""A+3"" 賽道",好地,"HK$ 1,170,000",11,3,智勝攻略,H197,麥當能,廖康銘,130,1099,11,6,14 14 11,1:10.17,48,0,13,68.63,0,0,1:34.92,48,,,0,7,0,15,0,0:23.86,0:46.10,1:09.23,,23.86,22.24,11.05,0
30/03/2025,沙田,4,第四班,1200米,"草地 - ""A+3"" 賽道",好地,"HK$ 1,170,000",12,13,星河勇士,J380,班德禮,蔡約翰,121,1128,7,6-1/2,3 5 12,1:10.26,136,0,6.666666667,68.63,0,0,1:34.92,48,,0,0.125,16,0,21,0.142857143,0:23.86,0:46.10,1:09.23,,23.86,22.24,11.05,0
30/03/2025,沙田,4,第四班,1200米,"草地 - ""A+3"" 賽道",好地,"HK$ 1,170,000",13,5,迅意,K250,奧爾民,韋達,128,1206,10,9,11 13 13,1:10.67,40,0,12.33333333,68.63,0,0,1:34.92,48,,0,0,15,0,8,0,0:23.86,0:46.10,1:09.23,,23.86,22.24,11.05,0
30/03/2025,沙田,4,第四班,1200米,"草地 - ""A+3"" 賽道",好地,"HK$ 1,170,000",14,6,兄弟再盈,K045,潘明輝,巫偉傑,128,1226,8,10-1/2,10 12 14,1:10.91,14,0,12,68.63,0,0,1:34.92,48,,0,0.428571429,17,0.058823529,12,0.25,0:23.86,0:46.10,1:09.23,,23.86,22.24,11.05,0
30/03/2025,沙田,5,二級賽,1600米,"草地 - ""A+3"" 賽道",好地,"HK$ 5,350,000",1,8,直線力山,G435,潘明輝,姚本輝,123,1117,2,-,11 11 8 1,1:34.09,34,1,7.75,81.19,0,0,1:34.92,48,,0,0,18,0.055555556,13,0.230769231,0:24.73,0:47.97,1:10.76,1:34.09,24.73,23.24,22.79,23.33
30/03/2025,沙田,5,二級賽,1600米,"草地 - ""A+3"" 賽道",好地,"HK$ 5,350,000",2,3,錶之銀河,H399,潘頓,伍鵬志,123,1158,9,頭位,10 8 5 2,1:34.13,2.1,0,6.25,81.19,0,0,1:34.92,48,,,0,4,0,16,0.125,0:24.73,0:47.97,1:10.76,1:34.09,24.73,23.24,22.79,23.33
30/03/2025,沙田,5,二級賽,1600米,"草地 - ""A+3"" 賽道",好地,"HK$ 5,350,000",3,10,智取神駒,H474,班德禮,沈集成,123,1087,1,1/2,6 5 4 3,1:34.17,52,0,4.5,81.19,0,0,1:34.92,48,,,,17,0,13,0,0:24.73,0:47.97,1:10.76,1:34.09,24.73,23.24,22.79,23.33
30/03/2025,沙田,5,二級賽,1600米,"草地 - ""A+3"" 賽道",好地,"HK$ 5,350,000",4,6,越駿歡欣,G446,巴度,羅富全,123,1132,10,1-1/4,2 1 3 4,1:34.30,12,0,2.5,81.19,0,0,1:34.92,48,,,1,7,0,15,0.133333333,0:24.73,0:47.97,1:10.76,1:34.09,24.73,23.24,22.79,23.33
30/03/2025,沙田,5,二級賽,1600米,"草地 - ""A+3"" 賽道",好地,"HK$ 5,350,000",5,2,美麗同享,E058,艾道拿,告東尼,123,1045,6,1-3/4,9 2 1 5,1:34.37,14,0,4.25,81.19,0,0,1:34.92,48,,0,0,9,0,17,0.058823529,0:24.73,0:47.97,1:10.76,1:34.09,24.73,23.24,22.79,23.33
30/03/2025,沙田,5,二級賽,1600米,"草地 - ""A+3"" 賽道",好地,"HK$ 5,350,000",6,7,紅運帝王,H115,奧爾民,蔡約翰,123,1155,12,2-1/4,1 3 2 6,1:34.47,24,0,3,81.19,0,0,1:34.92,48,,0,,16,0,22,0.136363636,0:24.73,0:47.97,1:10.76,1:34.09,24.73,23.24,22.79,23.33
30/03/2025,沙田,5,二級賽,1600米,"草地 - ""A+3"" 賽道",好地,"HK$ 5,350,000",7,12,陽光勇士,H244,周俊樂,姚本輝,123,1106,3,3-1/2,8 9 9 7,1:34.65,7.4,0,8.25,81.19,0,0,1:34.92,48,,0,0.5,15,0,14,0.285714286,0:24.73,0:47.97,1:10.76,1:34.09,24.73,23.24,22.79,23.33
30/03/2025,沙田,5,二級賽,1600米,"草地 - ""A+3"" 賽道",好地,"HK$ 5,350,000",8,5,安騁,H452,田泰安,蔡約翰,123,1067,5,4,7 10 11 8,1:34.75,11,0,9,81.19,0,0,1:34.92,48,,,0,19,0,23,0.130434783,0:24.73,0:47.97,1:10.76,1:34.09,24.73,23.24,22.79,23.33
30/03/2025,沙田,5,二級賽,1600米,"草地 - ""A+3"" 賽道",好地,"HK$ 5,350,000",9,4,禪勝輝煌,H212,布文,呂健威,123,1169,7,4-1/2,4 6 6 9,1:34.82,5.3,0,6.25,81.19,0,0,1:34.92,48,,0,,14,0.071428571,14,0.214285714,0:24.73,0:47.97,1:10.76,1:34.09,24.73,23.24,22.79,23.33
30/03/2025,沙田,5,二級賽,1600米,"草地 - ""A+3"" 賽道",好地,"HK$ 5,350,000",10,1,永遠美麗,H008,艾兆禮,蔡約翰,128,1200,4,5-1/2,5 7 10 10,1:34.99,13,0,8,81.19,0,0,1:34.92,48,,0,0,20,0.15,24,0.125,0:24.73,0:47.97,1:10.76,1:34.09,24.73,23.24,22.79,23.33
30/03/2025,沙田,5,二級賽,1600米,"草地 - ""A+3"" 賽道",好地,"HK$ 5,350,000",11,11,觔斗雲,E249,梁家俊,姚本輝,123,1144,11,7-1/4,3 4 7 11,1:35.25,100,0,6.25,81.19,0,0,1:34.92,48,,0,0.333333333,13,0.230769231,15,0.266666667,0:24.73,0:47.97,1:10.76,1:34.09,24.73,23.24,22.79,23.33
30/03/2025,沙田,5,二級賽,1600米,"草地 - ""A+3"" 賽道",好地,"HK$ 5,350,000",12,9,當年情,G371,蔡明紹,告東尼,123,992,8,12,12 12 12 12,1:36.03,85,0,12,81.19,0,0,1:34.92,48,,0,0,13,0.076923077,18,0.055555556,0:24.73,0:47.97,1:10.76,1:34.09,24.73,23.24,22.79,23.33
30/03/2025,沙田,6,第三班,1000米,"草地 - ""A+3"" 賽道",好地,"HK$ 1,860,000",1,5,超力量,J285,潘頓,黎昭昇,123,1100,9,-,5 5 1,0:56.61,2.5,1,3.666666667,94.35,0,0,1:34.92,48,,,,5,0,9,0,0:12.97,0:33.84,0:56.61,,12.97,20.87,10.32,0
30/03/2025,沙田,6,第三班,1000米,"草地 - ""A+3"" 賽道",好地,"HK$ 1,860,000",2,11,綫路盈樂,J506,田泰安,大衛希斯,117,1136,3,1-1/4,6 4 2,0:56.81,8.5,0,4,94.35,0,0,1:34.92,48,,,,20,0,19,0,0:12.97,0:33.84,0:56.61,,12.97,20.87,10.32,0
30/03/2025,沙田,6,第三班,1000米,"草地 - ""A+3"" 賽道",好地,"HK$ 1,860,000",3,10,錶之極光,K097,潘明輝,伍鵬志,118,1197,8,2,7 6 3,0:56.94,10,0,5.333333333,94.35,0,0,1:34.92,48,,,,19,0.105263158,17,0.117647059,0:12.97,0:33.84,0:56.61,,12.97,20.87,10.32,0
30/03/2025,沙田,6,第三班,1000米,"草地 - ""A+3"" 賽道",好地,"HK$ 1,860,000",4,12,爵登,H266,班德禮,蘇偉賢,117,1149,2,2-3/4,10 10 4,0:57.05,26,0,8,94.35,0,0,1:34.92,48,,,,18,0,12,0,0:12.97,0:33.84,0:56.61,,12.97,20.87,10.32,0
30/03/2025,沙田,6,第三班,1000米,"草地 - ""A+3"" 賽道",好地,"HK$ 1,860,000",5,8,枕頭之星,K207,霍宏聲,廖康銘,121,1158,7,3-1/4,8 8 5,0:57.12,14,0,7,94.35,0,0,1:34.92,48,,,,12,0.166666667,16,0,0:12.97,0:33.84,0:56.61,,12.97,20.87,10.32,0
30/03/2025,沙田,6,第三班,1000米,"草地 - ""A+3"" 賽道",好地,"HK$ 1,860,000",6,3,會長之寶,J295,奧爾民,韋達,130,1046,10,3-1/4,4 9 6,0:57.13,41,0,6.333333333,94.35,0,0,1:34.92,48,,,,17,0,9,0,0:12.97,0:33.84,0:56.61,,12.97,20.87,10.32,0
30/03/2025,沙田,6,第三班,1000米,"草地 - ""A+3"" 賽道",好地,"HK$ 1,860,000",7,1,馬力,J431,蔡明紹,羅富全,135,1122,1,3-1/2,9 7 7,0:57.15,3.5,0,7.666666667,94.35,0,0,1:34.92,48,,,,14,0.071428571,16,0.125,0:12.97,0:33.84,0:56.61,,12.97,20.87,10.32,0
30/03/2025,沙田,6,第三班,1000米,"草地 - ""A+3"" 賽道",好地,"HK$ 1,860,000",8,4,連連有盈,G065,布文,告東尼,126,1230,4,3-1/2,2 2 8,0:57.18,9.7,0,4,94.35,0,0,1:34.92,48,,,,15,0.066666667,19,0.052631579,0:12.97,0:33.84,0:56.61,,12.97,20.87,10.32,0
30/03/2025,沙田,6,第三班,1000米,"草地 - ""A+3"" 賽道",好地,"HK$ 1,860,000",9,2,包裝伯樂,H246,黃寶妮,沈集成,121,1237,5,4-1/2,1 1 9,0:57.34,18,0,3.666666667,94.35,0,0,1:34.92,48,,,,12,0,14,0,0:12.97,0:33.84,0:56.61,,12.97,20.87,10.32,0
30/03/2025,沙田,6,第三班,1000米,"草地 - ""A+3"" 賽道",好地,"HK$ 1,860,000",10,7,螢影飛馳,K228,楊明綸,文家良,120,1200,11,4-3/4,3 3 10,0:57.38,47,0,5.333333333,94.35,0,0,1:34.92,48,,,,9,0,9,0,0:12.97,0:33.84,0:56.61,,12.97,20.87,10.32,0
30/03/2025,沙田,6,第三班,1000米,"草地 - ""A+3"" 賽道",好地,"HK$ 1,860,000",11,6,神異金剛,K109,鍾易禮,葉楚航,119,932,6,7-3/4,11 11 11,0:57.84,86,0,11,94.35,0,0,1:34.92,48,,,,14,0.142857143,13,0.076923077,0:12.97,0:33.84,0:56.61,,12.97,20.87,10.32,0
30/03/2025,沙田,7,二級賽,1200米,"草地 - ""A+3"" 賽道",好地,"HK$ 5,350,000",1,1,嘉應高昇,J062,潘頓,大衛希斯,128,1127,6,-,2 1 1,1:08.18,1,1,1.333333333,120.67,0,0,1:34.92,48,,0,0,6,0.166666667,20,0,0:23.62,0:46.30,1:08.18,,23.62,22.68,11.3,0
30/03/2025,沙田,7,二級賽,1200米,"草地 - ""A+3"" 賽道",好地,"HK$ 5,350,000",2,3,驕陽明駒,H302,布文,蔡約翰,123,1133,1,3,6 5 2,1:08.67,6.4,0,4.333333333,120.67,0,0,1:34.92,48,,0.142857143,0.111111111,16,0.0625,25,0.12,0:23.62,0:46.30,1:08.18,,23.62,22.68,11.3,0
30/03/2025,沙田,7,二級賽,1200米,"草地 - ""A+3"" 賽道",好地,"HK$ 5,350,000",3,4,幸運有您,E356,霍宏聲,羅富全,123,1205,4,3-1/2,3 3 3,1:08.75,27,0,3,120.67,0,0,1:34.92,48,,0.166666667,0.142857143,13,0.153846154,17,0.117647059,0:23.62,0:46.30,1:08.18,,23.62,22.68,11.3,0
30/03/2025,沙田,7,二級賽,1200米,"草地 - ""A+3"" 賽道",好地,"HK$ 5,350,000",4,6,合夥奔馳,H408,奧爾民,呂健威,123,1125,3,4-3/4,4 4 4,1:08.95,78,0,4,120.67,0,0,1:34.92,48,,0,0.25,18,0,15,0.2,0:23.62,0:46.30,1:08.18,,23.62,22.68,11.3,0
30/03/2025,沙田,7,二級賽,1200米,"草地 - ""A+3"" 賽道",好地,"HK$ 5,350,000",5,7,華麗再勝,J008,艾兆禮,沈集成,123,1175,5,5,7 7 5,1:08.99,50,0,6.333333333,120.67,0,0,1:34.92,48,,0.222222222,0,21,0.142857143,15,0,0:23.62,0:46.30,1:08.18,,23.62,22.68,11.3,0
30/03/2025,沙田,7,二級賽,1200米,"草地 - ""A+3"" 賽道",好地,"HK$ 5,350,000",6,2,加州星球,E314,艾道拿,告東尼,123,1201,7,5-3/4,1 2 6,1:09.10,31,0,3,120.67,0,0,1:34.92,48,,0,0.166666667,10,0,20,0.05,0:23.62,0:46.30,1:08.18,,23.62,22.68,11.3,0
30/03/2025,沙田,7,二級賽,1200米,"草地 - ""A+3"" 賽道",好地,"HK$ 5,350,000",7,5,魔術控制,J333,班德禮,巫偉傑,123,1060,2,10-1/2,5 6 7,1:09.88,62,0,6,120.67,0,0,1:34.92,48,,0,0.375,19,0,13,0.230769231,0:23.62,0:46.30,1:08.18,,23.62,22.68,11.3,0
30/03/2025,沙田,8,第四班,1400米,"草地 - ""A+3"" 賽道",好地,"HK$ 1,170,000",1,3,南區之星,K153,艾兆禮,羅富全,130,1008,10,-,2 2 2 1,1:21.60,2.7,1,1.75,68.25,0,0,1:34.92,48,,0,0,22,0.136363636,18,0.111111111,0:13.42,0:34.38,0:57.81,1:21.60,13.42,20.96,23.43,23.79
30/03/2025,沙田,8,第四班,1400米,"草地 - ""A+3"" 賽道",好地,"HK$ 1,170,000",2,11,開心宇宙,J533,金誠剛,丁冠豪,122,1161,2,1-1/4,7 6 6 2,1:21.79,13,0,5.25,68.25,0,0,1:34.92,48,,0,,7,0.428571429,7,0.142857143,0:13.42,0:34.38,0:57.81,1:21.60,13.42,20.96,23.43,23.79
30/03/2025,沙田,8,第四班,1400米,"草地 - ""A+3"" 賽道",好地,"HK$ 1,170,000",3,14,劍無名,J547,巴度,告東尼,118,1171,6,2-1/4,1 1 1 3,1:21.93,9.8,0,1.5,68.25,0,0,1:34.92,48,,0,0,8,0,21,0.047619048,0:13.42,0:34.38,0:57.81,1:21.60,13.42,20.96,23.43,23.79
30/03/2025,沙田,8,第四班,1400米,"草地 - ""A+3"" 賽道",好地,"HK$ 1,170,000",4,13,銳一,J037,梁家俊,容天鵬,121,1090,1,3-1/4,9 8 8 4,1:22.14,9.9,0,7.25,68.25,0,0,1:34.92,48,,0,0,14,0.214285714,14,0,0:13.42,0:34.38,0:57.81,1:21.60,13.42,20.96,23.43,23.79
30/03/2025,沙田,8,第四班,1400米,"草地 - ""A+3"" 賽道",好地,"HK$ 1,170,000",5,12,快樂老撾,J115,潘明輝,姚本輝,121,1170,12,3-1/4,5 5 4 5,1:22.14,9.6,0,4.75,68.25,0,0,1:34.92,48,,0,0,20,0.1,16,0.25,0:13.42,0:34.38,0:57.81,1:21.60,13.42,20.96,23.43,23.79
30/03/2025,沙田,8,第四班,1400米,"草地 - ""A+3"" 賽道",好地,"HK$ 1,170,000",6,7,龍文鞭影,K226,周俊樂,沈集成,126,1175,4,3-1/2,8 9 9 6,1:22.15,11,0,8,68.25,0,0,1:34.92,48,,0,0,16,0,16,0,0:13.42,0:34.38,0:57.81,1:21.60,13.42,20.96,23.43,23.79
30/03/2025,沙田,8,第四班,1400米,"草地 - ""A+3"" 賽道",好地,"HK$ 1,170,000",7,9,金鑽精靈,J397,田泰安,韋達,126,1147,9,4-1/4,4 3 3 7,1:22.27,45,0,4.25,68.25,0,0,1:34.92,48,,0,0,21,0,10,0,0:13.42,0:34.38,0:57.81,1:21.60,13.42,20.96,23.43,23.79
30/03/2025,沙田,8,第四班,1400米,"草地 - ""A+3"" 賽道",好地,"HK$ 1,170,000",8,10,豐辰,K004,楊明綸,徐雨石,125,1101,7,4-1/2,12 12 11 8,1:22.32,18,0,10.75,68.25,0,0,1:34.92,48,,,0,10,0,13,0.076923077,0:13.42,0:34.38,0:57.81,1:21.60,13.42,20.96,23.43,23.79
30/03/2025,沙田,8,第四班,1400米,"草地 - ""A+3"" 賽道",好地,"HK$ 1,170,000",9,2,安都,K033,艾道拿,黎昭昇,134,1181,5,4-3/4,10 11 10 9,1:22.34,9.3,0,10,68.25,0,0,1:34.92,48,,0,0,11,0,10,0.1,0:13.42,0:34.38,0:57.81,1:21.60,13.42,20.96,23.43,23.79
30/03/2025,沙田,8,第四班,1400米,"草地 - ""A+3"" 賽道",好地,"HK$ 1,170,000",10,1,川河首駒,G333,布文,方嘉柏,135,1148,3,5,6 7 7 10,1:22.40,17,0,7.5,68.25,0,0,1:34.92,48,,0,0.25,17,0.058823529,17,0.058823529,0:13.42,0:34.38,0:57.81,1:21.60,13.42,20.96,23.43,23.79
30/03/2025,沙田,8,第四班,1400米,"草地 - ""A+3"" 賽道",好地,"HK$ 1,170,000",11,5,勁沙塵,J514,霍宏聲,廖康銘,128,1109,14,6,14 13 12 11,1:22.58,12,0,12.5,68.25,0,0,1:34.92,48,,0,0,14,0.142857143,17,0,0:13.42,0:34.38,0:57.81,1:21.60,13.42,20.96,23.43,23.79
30/03/2025,沙田,8,第四班,1400米,"草地 - ""A+3"" 賽道",好地,"HK$ 1,170,000",12,8,加州本事,J370,蔡明紹,巫偉傑,127,1098,13,6-1/2,3 4 5 12,1:22.65,26,0,6,68.25,0,0,1:34.92,48,,0,0,15,0.066666667,14,0.214285714,0:13.42,0:34.38,0:57.81,1:21.60,13.42,20.96,23.43,23.79
30/03/2025,沙田,8,第四班,1400米,"草地 - ""A+3"" 賽道",好地,"HK$ 1,170,000",13,4,富貴駒,J191,湯普新,賀賢,129,998,11,12,13 14 14 13,1:23.54,152,0,13.5,68.25,0,0,1:34.92,48,,0,0,15,0,11,0,0:13.42,0:34.38,0:57.81,1:21.60,13.42,20.96,23.43,23.79
30/03/2025,沙田,8,第四班,1400米,"草地 - ""A+3"" 賽道",好地,"HK$ 1,170,000",14,6,天德神影,K147,麥當能,葉楚航,128,1202,8,13-1/2,11 10 13 14,1:23.78,70,0,12,68.25,0,0,1:34.92,48,,0,0,8,0,14,0.071428571,0:13.42,0:34.38,0:57.81,1:21.60,13.42,20.96,23.43,23.79
30/03/2025,沙田,9,第三班,1200米,"草地 - ""A+3"" 賽道",好地,"HK$ 1,860,000",1,7,風再起時,J534,梁家俊,容天鵬,122,1266,3,-,6 6 1,1:09.35,18,1,4.333333333,68.52,0,0,1:34.92,48,,0.428571429,0,15,0.2,15,0,0:23.93,0:46.11,1:09.35,,23.93,22.18,10.89,0
30/03/2025,沙田,9,第三班,1200米,"草地 - ""A+3"" 賽道",好地,"HK$ 1,860,000",2,5,跨境寶馬,K008,布文,蔡約翰,123,1192,6,短馬頭位,5 4 2,1:09.36,1.4,0,3.666666667,68.52,0,0,1:34.92,48,,0.125,0.1,18,0.055555556,26,0.115384615,0:23.93,0:46.11,1:09.35,,23.93,22.18,10.89,0
30/03/2025,沙田,9,第三班,1200米,"草地 - ""A+3"" 賽道",好地,"HK$ 1,860,000",3,8,順成之星,K287,班德禮,丁冠豪,122,1049,10,2-1/4,10 9 3,1:09.72,59,0,7.333333333,68.52,0,0,1:34.92,48,,0,0.2,20,0,8,0.125,0:23.93,0:46.11,1:09.35,,23.93,22.18,10.89,0
30/03/2025,沙田,9,第三班,1200米,"草地 - ""A+3"" 賽道",好地,"HK$ 1,860,000",4,10,龍之光,K091,蔡明紹,呂健威,117,1168,1,3,4 5 4,1:09.85,14,0,4.333333333,68.52,0,0,1:34.92,48,,0.166666667,0.2,16,0.0625,16,0.1875,0:23.93,0:46.11,1:09.35,,23.93,22.18,10.89,0
30/03/2025,沙田,9,第三班,1200米,"草地 - ""A+3"" 賽道",好地,"HK$ 1,860,000",5,1,包裝猛將,J284,周俊樂,沈集成,133,1151,2,3-1/4,3 3 5,1:09.87,8.7,0,3.666666667,68.52,0,0,1:34.92,48,,0,0,17,0,17,0,0:23.93,0:46.11,1:09.35,,23.93,22.18,10.89,0
30/03/2025,沙田,9,第三班,1200米,"草地 - ""A+3"" 賽道",好地,"HK$ 1,860,000",6,3,嘉應獎昇,H287,潘明輝,賀賢,127,1240,9,4,1 1 6,1:09.97,32,0,2.666666667,68.52,0,0,1:34.92,48,,0,0,21,0.095238095,12,0,0:23.93,0:46.11,1:09.35,,23.93,22.18,10.89,0
30/03/2025,沙田,9,第三班,1200米,"草地 - ""A+3"" 賽道",好地,"HK$ 1,860,000",7,6,新力好,J118,潘頓,蘇偉賢,123,1167,7,4-1/4,8 7 7,1:10.01,10,0,7.333333333,68.52,0,0,1:34.92,48,,0.25,0,7,0.285714286,13,0,0:23.93,0:46.11,1:09.35,,23.93,22.18,10.89,0
30/03/2025,沙田,9,第三班,1200米,"草地 - ""A+3"" 賽道",好地,"HK$ 1,860,000",8,2,飲杯,J219,田泰安,大衛希斯,127,1207,4,4-1/2,2 2 8,1:10.08,16,0,4,68.52,0,0,1:34.92,48,,0,0.125,22,0,21,0.047619048,0:23.93,0:46.11,1:09.35,,23.93,22.18,10.89,0
30/03/2025,沙田,9,第三班,1200米,"草地 - ""A+3"" 賽道",好地,"HK$ 1,860,000",9,4,同樣美麗,H334,奧爾民,告東尼,126,1085,11,6,11 11 9,1:10.29,30,0,10.33333333,68.52,0,0,1:34.92,48,,0,0.142857143,19,0,22,0.045454545,0:23.93,0:46.11,1:09.35,,23.93,22.18,10.89,0
30/03/2025,沙田,9,第三班,1200米,"草地 - ""A+3"" 賽道",好地,"HK$ 1,860,000",10,11,赤霞,K267,楊明綸,鄭俊偉,116,1160,8,7-3/4,9 10 10,1:10.59,128,0,9.666666667,68.52,0,0,1:34.92,48,,0,0.25,11,0,10,0.1,0:23.93,0:46.11,1:09.35,,23.93,22.18,10.89,0
30/03/2025,沙田,9,第三班,1200米,"草地 - ""A+3"" 賽道",好地,"HK$ 1,860,000",11,9,智跑得,J330,霍宏聲,廖康銘,121,1149,5,14-1/4,7 8 11,1:11.62,29,0,8.666666667,68.52,0,0,1:34.92,48,,0.142857143,0,15,0.133333333,18,0,0:23.93,0:46.11,1:09.35,,23.93,22.18,10.89,0
30/03/2025,沙田,10,第三班,1400米,"草地 - ""A+3"" 賽道",好地,"HK$ 1,860,000",1,8,不同世界,K005,潘頓,容天鵬,122,1113,6,-,2 3 3 1,1:21.65,1.8,1,2.25,106.24,0,0,1:34.92,48,,,0,8,0.25,16,0.0625,0:13.70,0:35.45,0:58.88,1:21.65,13.7,21.75,23.43,22.77
30/03/2025,沙田,10,第三班,1400米,"草地 - ""A+3"" 賽道",好地,"HK$ 1,860,000",2,7,元朗精英,J272,楊明綸,文家良,122,1121,8,3/4,1 1 1 2,1:21.76,12,0,1.25,106.24,0,0,1:34.92,48,,0,0,12,0,10,0,0:13.70,0:35.45,0:58.88,1:21.65,13.7,21.75,23.43,22.77
30/03/2025,沙田,10,第三班,1400米,"草地 - ""A+3"" 賽道",好地,"HK$ 1,860,000",3,5,鐵金剛,H433,艾道拿,蔡約翰,124,1140,3,3-1/4,8 7 6 3,1:22.15,4.5,0,6,106.24,0,0,1:34.92,48,,0,0.5,12,0,27,0.111111111,0:13.70,0:35.45,0:58.88,1:21.65,13.7,21.75,23.43,22.77
30/03/2025,沙田,10,第三班,1400米,"草地 - ""A+3"" 賽道",好地,"HK$ 1,860,000",4,6,勇霸龍,J237,田泰安,黎昭昇,124,1226,1,3-1/2,6 5 5 4,1:22.21,15,0,5,106.24,0,0,1:34.92,48,,0,0,23,0,11,0.090909091,0:13.70,0:35.45,0:58.88,1:21.65,13.7,21.75,23.43,22.77
30/03/2025,沙田,10,第三班,1400米,"草地 - ""A+3"" 賽道",好地,"HK$ 1,860,000",5,1,信心星,J161,金誠剛,方嘉柏,135,1192,11,4-3/4,11 10 10 5,1:22.39,16,0,9,106.24,0,0,1:34.92,48,,0,0.2,8,0.375,18,0.055555556,0:13.70,0:35.45,0:58.88,1:21.65,13.7,21.75,23.43,22.77
30/03/2025,沙田,10,第三班,1400米,"草地 - ""A+3"" 賽道",好地,"HK$ 1,860,000",6,4,椒椒醒,H440,巴度,廖康銘,130,1206,9,5-3/4,3 2 2 6,1:22.55,35,0,3.25,106.24,0,0,1:34.92,48,,0,0,9,0,19,0,0:13.70,0:35.45,0:58.88,1:21.65,13.7,21.75,23.43,22.77
30/03/2025,沙田,10,第三班,1400米,"草地 - ""A+3"" 賽道",好地,"HK$ 1,860,000",7,2,川河帥駒,K127,布文,沈集成,133,1235,10,5-3/4,10 12 11 7,1:22.57,9.1,0,10,106.24,0,0,1:34.92,48,,0,0,19,0.052631579,18,0,0:13.70,0:35.45,0:58.88,1:21.65,13.7,21.75,23.43,22.77
30/03/2025,沙田,10,第三班,1400米,"草地 - ""A+3"" 賽道",好地,"HK$ 1,860,000",8,12,糖不甩,H394,班德禮,巫偉傑,118,1162,5,6-1/4,4 4 4 8,1:22.65,33,0,5,106.24,0,0,1:34.92,48,,0,0,21,0,15,0.2,0:13.70,0:35.45,0:58.88,1:21.65,13.7,21.75,23.43,22.77
30/03/2025,沙田,10,第三班,1400米,"草地 - ""A+3"" 賽道",好地,"HK$ 1,860,000",9,3,巴閉仔,H298,鍾易禮,呂健威,129,1022,4,6-1/4,9 9 9 9,1:22.67,49,0,9,106.24,0,0,1:34.92,48,,0,0.25,15,0.133333333,17,0.176470588,0:13.70,0:35.45,0:58.88,1:21.65,13.7,21.75,23.43,22.77
30/03/2025,沙田,10,第三班,1400米,"草地 - ""A+3"" 賽道",好地,"HK$ 1,860,000",10,11,飛越星空,J328,艾兆禮,伍鵬志,118,1176,7,6-3/4,7 8 8 10,1:22.71,24,0,8.25,106.24,0,0,1:34.92,48,,0.25,0,23,0.173913043,18,0.111111111,0:13.70,0:35.45,0:58.88,1:21.65,13.7,21.75,23.43,22.77
30/03/2025,沙田,10,第三班,1400米,"草地 - ""A+3"" 賽道",好地,"HK$ 1,860,000",11,9,新力飆,K177,湯普新,蘇偉賢,120,1002,2,9-1/2,5 6 7 11,1:23.19,142,0,7.25,106.24,0,0,1:34.92,48,,0,0,16,0,14,0,0:13.70,0:35.45,0:58.88,1:21.65,13.7,21.75,23.43,22.77
30/03/2025,沙田,10,第三班,1400米,"草地 - ""A+3"" 賽道",好地,"HK$ 1,860,000",12,10,尊登,K262,潘明輝,游達榮,120,1040,12,14-3/4,12 11 12 12,1:24.02,73,0,11.75,106.24,0,0,1:34.92,48,,0,0,22,0.090909091,12,0.083333333,0:13.70,0:35.45,0:58.88,1:21.65,13.7,21.75,23.43,22.77
